market_id,question,slug,end_date,active,closed,category_raw,group_item_title,volume,liquidity,condition_id,tokens,category
540816,Russia-Ukraine Ceasefire before GTA VI?,russia-ukraine-ceasefire-before-gta-vi-554,2026-07-31T12:00:00Z,True,False,,Russia-Ukraine Ceasefire,1519894.755692975,50468.907,0x9c1a953fe92c8357f1b646ba25d983aa83e90c525992db14fb726fa895cb5763,"['8501497159083948713316135768103773293754490207922884688769443031624417212426', '2527312495175492857904889758552137141356236738032676480522356889996545113869']",OTHER
540817,New Rihanna Album before GTA VI?,new-rhianna-album-before-gta-vi-926,2026-07-31T12:00:00Z,True,False,,New Rihanna Album,696988.9749450017,33597.4376,0x1fad72fae204143ff1c3035e99e7c0f65ea8d5cd9bd1070987bd1a3316f772be,"['98022490269692409998126496127597032490334070080325855126491859374983463996227', '53831553061883006530739877284105938919721408776239639687877978808906551086026']",OTHER
540818,New Playboi Carti Album before GTA VI?,new-playboi-carti-album-before-gta-vi-421,2026-07-31T12:00:00Z,True,False,,New Playboi Carti Album ,725483.885029997,33464.2309,0x50ddb9cd80d5c271664a2ebb7fcaed1d0a148d82c8e8d314d830f75a944c3dcc,"['88275040060084773376557187972215267513049848642895776801789297917961077894224', '94376205816022955542979635542279932967359915765455578534002478996104754801969']",OTHER
540819,Will Jesus Christ return before GTA VI?,will-jesus-christ-return-before-gta-vi-665,2026-07-31T12:00:00Z,True,False,,Jesus Christ returns,11019087.453953989,843000.7925,0x32b09f6390252b37d674501527e709016d55581b2c1e544bd4b8167f5f732f4c,"['90435811253665578014957380826505992530054077692143838383981805324273750424057', '92388629082681805622801622703528982922543286352927708208755887536971583436902']",OTHER
540820,Trump out as President before GTA VI?,trump-out-as-president-before-gta-vi-846,2026-07-31T12:00:00Z,True,False,,Trump out as President ,590497.387321011,63130.5573,0x84f8b70331323c2fba97d7ceaa9a35fb645a0770d0dbff169d07f24f376766e9,"['108999723207897941876452935557011604067917389120996960199512481363958770540884', '64533579809297525579033609963634939501013332859992608996100633472507000251907']",POLITICS
540843,Will China invades Taiwan before GTA VI?,will-china-invades-taiwan-before-gta-vi-716,2026-07-31T12:00:00Z,True,False,,China invades Taiwan ,1784840.0110400587,81278.8336,0x7b49b9bacb5f435bc10f3b100ff59e2fdd346f7f92a9001881bc9825a0af0f11,"['21695138873211375451055566770107682325494206727818897067665810321709249824909', '17516427576383382756368467656206258206490015951115433065318503962238754362428']",OTHER
540844,Will bitcoin hit $1m before GTA VI?,will-bitcoin-hit-1m-before-gta-vi-872,2026-07-31T12:00:00Z,True,False,,Bitcoin hits $1m,3987953.914920567,470486.25597,0xbb57ccf5853a85487bc3d83d04d669310d28c6c810758953b9d9b91d1aee89d2,"['105267568073659068217311993901927962476298440625043565106676088842803600775810', '91863162118308663069733924043159186005106558783397508844234610341221325526200']",CRYPTO
540881,GTA VI released before June 2026?,gta-vi-released-before-june-2026,2026-05-31T12:00:00Z,True,False,,,13602642.476633048,60003.33437,0xcccb7e7613a087c132b69cbf3a02bece3fdcb824c1da54ae79acc8d4a562d902,"['8441400852834915183759801017793514978104486628517653995211751018945988243154', '109289569086508934142323222102974769075074494425163878721602922903101062859033']",OTHER
544092,Will Harvey Weinstein be sentenced to no prison time?,will-harvey-weinstein-be-sentenced-to-no-prison-time,2025-12-31T12:00:00Z,True,False,,No Prison Time,317714.6088180011,1224.01781,0xf398b0e5016eeaee9b0885ed84012b6dc91269ac10d3b59d60722859c2e30b2f,"['24327803960645909378149041810697343640752122608192367041827900158592826352552', '86488478623677188352872801318507143761188967461168408688159600382919967378486']",CRYPTO
544093,Will Harvey Weinstein be sentenced to less than 5 years in prison?,will-harvey-weinstein-be-sentenced-to-less-than-5-years-in-prison,2025-12-31T12:00:00Z,True,False,,<5 years,92936.87950300003,6547.97505,0xe2b48e3b44de9658ee9c8b37354301763e33c0b502fd966839d644b4c0a9dea8,"['77166477669007661974218999697956080000161736671391584414287437514245884953047', '47055352475798285920984907840917431698812931301054546103955312973973172985230']",CRYPTO
544094,Will Harvey Weinstein be sentenced to between 5 and 10 years in prison?,will-harvey-weinstein-be-sentenced-to-between-5-and-10-years-in-prison,2025-12-31T12:00:00Z,True,False,,5-10 years,51886.72334200017,1599.77036,0x3209617364a0d598435806b59d0d056b606022dc9028c466ad7912df94fc170c,"['8585617872562550075367684165842985213222082790621129799520234539666057750015', '103705222348348023632358209307161171933864556870678885035120650593331360918837']",CRYPTO
544095,Will Harvey Weinstein be sentenced to between 10 and 20 years in prison?,will-harvey-weinstein-be-sentenced-to-between-10-and-20-years-in-prison,2025-12-31T12:00:00Z,True,False,,10-20 years,138163.41129099985,760.52333,0x3d495a3e05eaffe438bb1c2ab97ed57a79b0a6ab18a2ca6fa5b448e20ce70082,"['15540133404064485946536607974212890170021691204987131841181394872998839987451', '63603874958591978684257718702104189214159397118281244112857573557732401361881']",CRYPTO
544096,Will Harvey Weinstein be sentenced to between 20 and 30 years in prison?,will-harvey-weinstein-be-sentenced-to-between-20-and-30-years-in-prison,2025-12-31T12:00:00Z,True,False,,20-30 years,177697.72818500036,1510.19572,0xdee5db5410b362783a1405b66b9aa08a7d050ae1f99e8da85b9d1ae7962dad3b,"['40689385937970031985272152180777653235879119412231903065658922913468759560353', '109223657334725476924710634471321315385389367621714474291402615707818729630121']",CRYPTO
544097,Will Harvey Weinstein be sentenced to more than 30 years in prison?,will-harvey-weinstein-be-sentenced-to-more-than-30-years-in-prison,2025-12-31T12:00:00Z,True,False,,30+ years,54751.42238200004,2937.92482,0x2499928ffbe6022444543dcd940075259cecb5e41e346284b578cb64e1404d32,"['87036266705700330884624690101790543034325645582506946990660049003915176778714', '26608800110066527607246656145735191327716408714826934367635297922290688100618']",CRYPTO
553824,Will the Carolina Hurricanes win the 2026 NHL Stanley Cup?,will-the-carolina-hurricanes-win-the-2026-nhl-stanley-cup,2026-06-30T00:00:00Z,True,False,,Carolina Hurricanes,333931.7305330003,132317.4828,0xf7b5491e70b477d451afe7d9c1fde4bf1a927e69ff289d294b96df164f6c10f0,"['79397003434468715775480922117285203652110865791390656395657957066470661722480', '40473977441010332007887229299980126707900816205713676157646215720073415416624']",SPORTS
553826,Will the Edmonton Oilers win the 2026 NHL Stanley Cup?,will-the-edmonton-oilers-win-the-2026-nhl-stanley-cup,2026-06-30T00:00:00Z,True,False,,Edmonton Oilers,519952.2520460026,51999.4609,0x4a67e1270a2ed86be8fc524b6114640e41b0c56303ecaa9584deacd62402650a,"['26994926807159308505531352241892510362185630293975165092400997815774500370214', '93243135936056253080731148169253301176422868656587067154045597758216732275467']",SPORTS
553827,Will the Dallas Stars win the 2026 NHL Stanley Cup?,will-the-dallas-stars-win-the-2026-nhl-stanley-cup,2026-06-30T00:00:00Z,True,False,,Dallas Stars,1190894.1958409944,154855.60884,0x44887f53abbfe7531b1384420b185a5f10ee42a4e6c9441d5883abd4f3c1e5ef,"['17581551835670188629115760053820570516688258623733228909199148495084738589631', '48350886075645487969183664927181889134443172406220772590108122172302333217567']",SPORTS
553828,Will the Colorado Avalanche win the 2026 NHL Stanley Cup?,will-the-colorado-avalanche-win-the-2026-nhl-stanley-cup,2026-06-30T00:00:00Z,True,False,,Colorado Avalanche,13645949.891659033,181410.9174,0xf8f63bb47b2a7c2e0c1be3cedf4075079b11c07476d76a9469065b0c4791961a,"['101738487887518832481587379955535423775326921556438741919099866785354159699479', '87978082071653935678874296685430503892266481242311708420787197372467948088235']",SPORTS
553829,Will the Vegas Golden Knights win the 2026 NHL Stanley Cup?,will-the-vegas-golden-knights-win-the-2026-nhl-stanley-cup,2026-06-30T00:00:00Z,True,False,,Vegas Golden Knights,1475619.8955329962,120089.19184,0x89389a6b1439856a8d366234c795d72865c927a1aa3cf9d4cc04a3a400defde1,"['68803485030073596962715540294172682212192134248970512695855620898253368033218', '58534831224432332845742394199681128700782343287162911891204466367752298448751']",SPORTS
553830,Will the Tampa Bay Lightning win the 2026 NHL Stanley Cup?,will-the-tampa-bay-lightning-win-the-2026-nhl-stanley-cup,2026-06-30T00:00:00Z,True,False,,Tampa Bay Lightning,1627187.27881097,185379.93047,0xbdd688664b4f3cf7ec4ec011607934fe8ae720c08353fc14a6e9dfbf6bbcf11a,"['35573117698117780238142713946749692621043319879346349609080985768472429209643', '76626937605855383085159195963889428951048025160807952406004049979161449392204']",SPORTS
553831,Will the Los Angeles Kings win the 2026 NHL Stanley Cup?,will-the-los-angeles-kings-win-the-2026-nhl-stanley-cup,2026-06-30T00:00:00Z,True,False,,Los Angeles Kings,6753503.625144926,166585.1265,0x3b6cdd4f72cef7f29ff7e054444095564dc582266b7230be3c2b5f194d89f37d,"['75497690502531380056390405612014900797768656980504946546336044296003833597355', '2729425106258568059271359452117793887389510413905823490566998620570283391162']",SPORTS
553837,Will the Ottawa Senators win the 2026 NHL Stanley Cup?,will-the-ottawa-senators-win-the-2026-nhl-stanley-cup,2026-06-30T00:00:00Z,True,False,,Ottawa Senators,1091197.491704996,110644.36633,0x139b893a7ae21eaec72e887ba88910831944b4662512428c122c4ad0a5c125ac,"['52122163926965666340769912737036425235018536048643947600257470162508745804215', '8670072980013890450224478921744074220453109802844788568180411173557818867412']",SPORTS
553838,Will the Minnesota Wild win the 2026 NHL Stanley Cup?,will-the-minnesota-wild-win-the-2026-nhl-stanley-cup,2026-06-30T00:00:00Z,True,False,,Minnesota Wild,8670406.742795972,206244.161,0x0d082a85f48a5226b1205acdb6e95ead2fe373acabcf6c471f5895f86f42a276,"['52393600221905688380980180540161090876971894580569515967716227210336633318551', '21431572216384228534336063536634350950418274877940611814171622998125116043513']",SPORTS
553839,Will the Utah Mammoth win the 2026 NHL Stanley Cup?,will-the-utah-mammoth-win-the-2026-nhl-stanley-cup,2026-06-30T00:00:00Z,True,False,,Utah Mammoth,981438.3589989962,147208.21677,0xfdc1041ba84bfd8f741eee0bdafce8b1887626c83afd017d18ee9b1f77008b9f,"['77381084121703585434442737895792916741546405992903866299069398776973629407962', '113689564696134010397605001832750509195155730029258888570920506901252575318870']",SPORTS
553843,Will the Philadelphia Flyers win the 2026 NHL Stanley Cup?,will-the-philadelphia-flyers-win-the-2026-nhl-stanley-cup,2026-06-30T00:00:00Z,True,False,,Philadelphia Flyers,1097984.1989430012,147220.2135,0xd66cbb60c333c2eed61717370755c18bc7e494fed90cb507cd9b49c77100951d,"['89876650777103845660381011502618435196005005316371719080379226306122186643898', '103499896493634243542593138704667892499128832763387792529972229935046936155180']",SPORTS
553848,Will the Anaheim Ducks win the 2026 NHL Stanley Cup?,will-the-anaheim-ducks-win-the-2026-nhl-stanley-cup,2026-06-30T00:00:00Z,True,False,,Anaheim Ducks,911333.3248609987,185657.26264,0xceb5e0c99a9195da148d79693f3c6819d44d4d3d7e5be77931e174a3eebe4a85,"['1755198236548058730692725634969806667163093356894670716555961840777456036471', '110385100135551380027074853970241483263713796301174664674312206071534212241565']",SPORTS
553849,Will the Montreal Canadiens win the 2026 NHL Stanley Cup?,will-the-montreal-canadiens-win-the-2026-nhl-stanley-cup,2026-06-30T00:00:00Z,True,False,,Montreal Canadiens,1359892.0879519924,146409.26281,0x52847ca1413b76a5570b97c0c432e38dbe61b0140f9d45e912604591b08f6fca,"['114248353339288476395516704859280406139740194553592209059241667781908210476009', '85705323099460694144578384076010167420188174879039498210125410497783582291911']",SPORTS
553850,Will the Boston Bruins win the 2026 NHL Stanley Cup?,will-the-boston-bruins-win-the-2026-nhl-stanley-cup,2026-06-30T00:00:00Z,True,False,,Boston Bruins,1139838.9238809992,183483.10604,0x82d8c535c037a779ffbd2eb94704b093a5341350b49ca68128fc1c16a0901e4a,"['96156230578747105661476819749931380321917772151891667564189808442987244872145', '24789905903899678448437032359677789820642352076173124534790862885285353082845']",SPORTS
553851,Will the Buffalo Sabres win the 2026 NHL Stanley Cup?,will-the-buffalo-sabres-win-the-2026-nhl-stanley-cup,2026-06-30T00:00:00Z,True,False,,Buffalo Sabres,2999683.915054991,166167.85696,0xbefea6668e49e328db4d5c792bc15cea309bbc06101dfd6ced1e0556ad3ea301,"['86989765000750155883097827320609652927052275812009422751609183177638176999827', '27567623701936433796601303407226067803713696645804713742508261420706593984700']",SPORTS
553852,Will the Pittsburgh Penguins win the 2026 NHL Stanley Cup?,will-the-pittsburgh-penguins-win-the-2026-nhl-stanley-cup,2026-06-30T00:00:00Z,True,False,,Pittsburgh Penguins,1212163.562385998,159197.03927,0x9e54856d758cd7de25b75c97273a38d711642f16eacad57e61982028f2791206,"['8851645587670338204652278122922654341568030658294043049798551516787478126093', '105159591365972907779164323332625661203129821196625530161327324705373588468320']",SPORTS
553856,Will the Oklahoma City Thunder win the 2026 NBA Finals?,will-the-oklahoma-city-thunder-win-the-2026-nba-finals,2026-07-01T00:00:00Z,True,False,,Oklahoma City Thunder,7219130.687825941,282886.2077,0x22e7b5e35423e76842dd3a5e1a21d13793811080d5e7b2896d0c001bd5e97d54,"['49500299856831034491021962156746701298730459370557900271970866855042624695770', '44914465637297319816681463234953032477919413063019359633128421605039733545953']",SPORTS
553857,Will the Cleveland Cavaliers win the 2026 NBA Finals?,will-the-cleveland-cavaliers-win-the-2026-nba-finals,2026-07-01T00:00:00Z,True,False,,Cleveland Cavaliers,6252064.218433961,449376.04571,0x6b44bd667fad6cb5b3b68d8bd1055a038c77d9176dbd51f123879797cc3368a7,"['21929863894047830651599085392978377118642353711084157807549430066031384497667', '87330689906224096887625709229706923472442188571057301299963059101866409440363']",SPORTS
553858,Will the New York Knicks win the 2026 NBA Finals?,will-the-new-york-knicks-win-the-2026-nba-finals,2026-07-01T00:00:00Z,True,False,,New York Knicks,5794591.577584829,254758.51027,0x713641f745d71f6ec61f906237ffca3c8583f251e49384429a63ceb0ccdb2d37,"['20257190540739490630509657713144742134547949967093643458458133445357169845406', '1770840559776249239623005379825945674336282130390798724203946923853499387834']",SPORTS
553859,Will the Minnesota Timberwolves win the 2026 NBA Finals?,will-the-minnesota-timberwolves-win-the-2026-nba-finals,2026-07-01T00:00:00Z,True,False,,Minnesota Timberwolves,6670506.859723902,374692.51628,0x649ad05a2868343271fe82ea692031d567ca1af652e3529788933157e94aa088,"['5771676627182954113677164857547228277089396639521594262964034606220001939923', '65745417184316471123701656851846948699220805945682138735308449338418068204083']",SPORTS
553860,Will the Houston Rockets win the 2026 NBA Finals?,will-the-houston-rockets-win-the-2026-nba-finals,2026-07-01T00:00:00Z,True,False,,Houston Rockets,5014784.871678,412184.29931,0x9b56568af78dd036b03c641e0673729d72cd7d63578eb0119cd23eb1f94f1b56,"['50705248713323657762767401378286601907820885259053704401453562452183494476631', '90032510016992035908144344334497034888131477599689435939081777415620747474258']",SPORTS
553862,Will the Boston Celtics win the 2026 NBA Finals?,will-the-boston-celtics-win-the-2026-nba-finals,2026-07-01T00:00:00Z,True,False,,Boston Celtics,6958143.294098101,174903.67137,0x13e1cc703a120883a709d3bb29707097952845d61ca6793ea2b4328bae2a7451,"['98951343420969493497594761179562691809954416596888138302255086663562042936451', '68988781087071608596579516085819336301201525599500826069950065091990393143710']",SPORTS
553863,Will the Los Angeles Lakers win the 2026 NBA Finals?,will-the-los-angeles-lakers-win-the-2026-nba-finals,2026-07-01T00:00:00Z,True,False,,Los Angeles Lakers,11488193.726830127,522994.51982,0x796e791e7058571e460278814fc7a3183752285338f1400087b98bef3c447908,"['86297520870744792204751483474339201341298076835836561764334428915355504860913', '70799758189725267592147252808427831117090382599571633897338944002834894241449']",SPORTS
553864,Will the Orlando Magic win the 2026 NBA Finals?,will-the-orlando-magic-win-the-2026-nba-finals,2026-07-01T00:00:00Z,True,False,,Orlando Magic,10535433.589193976,800069.24582,0x7338d9dea0de820ed621abdff3de2d4b07a573bc0c1a6f7128941f4d0c5606e3,"['95140346952277551620015228752585531762813913098320669805735291271863965388665', '8332314939688900216478864488824055129773277161185304797159692826491772870785']",SPORTS
553865,Will the Denver Nuggets win the 2026 NBA Finals?,will-the-denver-nuggets-win-the-2026-nba-finals,2026-07-01T00:00:00Z,True,False,,Denver Nuggets,4568384.729514962,602289.7661,0x4e65282819c98c6aed529f357fbf5983b1ae9407a3c25bd50fe97b2906df68f9,"['56814725870179920615881424393027028330166672775619196396436430486653645555698', '76502490060038468983308870100553689583720145873703214557423080536912388384600']",SPORTS
553866,Will the San Antonio Spurs win the 2026 NBA Finals?,will-the-san-antonio-spurs-win-the-2026-nba-finals,2026-07-01T00:00:00Z,True,False,,San Antonio Spurs,17707729.140936088,242773.17721,0xb6b3d7a2037b3faa7e1306d741840d453432902d73cc9a146a035e40271eae73,"['102227184035967850089766981958743064457339118173548431660886438726896222843254', '12636035070565821048178968461063687179393834041535317885287743395873720755118']",SPORTS
553867,Will the Golden State Warriors win the 2026 NBA Finals?,will-the-golden-state-warriors-win-the-2026-nba-finals,2026-07-01T00:00:00Z,True,False,,Golden State Warriors,15158216.23304576,982561.44378,0xfbf7ab9e6b6d324ffe436bab8c7a1e10aeb8200e10c1e1dbb35d2959becebc1e,"['24562451406833903239172268319519891863383297300349256425313284172658771272863', '96954689694848789665674862217402225728143997247600075527510661060109238213695']",SPORTS
553869,Will the Philadelphia 76ers win the 2026 NBA Finals?,will-the-philadelphia-76ers-win-the-2026-nba-finals,2026-07-01T00:00:00Z,True,False,,Philadelphia 76ers,9987856.73054697,592157.41436,0x567f1ff714731fafa702d454a105b064a7ec4d10f6fb71ad3221f4918681c709,"['5644679982684846699855787022092402984369447277920326773883608030240292167917', '87034176766941774290222899044689953504253543270446832998578029452480078966654']",SPORTS
553871,Will the Detroit Pistons win the 2026 NBA Finals?,will-the-detroit-pistons-win-the-2026-nba-finals,2026-07-01T00:00:00Z,True,False,,Detroit Pistons,8488882.293313889,289259.67443,0xe202539dfbeced92dc4112f134a205c80ca6cf4db32bd82f05b291c297219fd8,"['59742411602053785892348440048778056320272639465974092140970920277782290781360', '17229559412398170618704225341353811929634795955092110836823940954753499964583']",SPORTS
553876,Will the Toronto Raptors win the 2026 NBA Finals?,will-the-toronto-raptors-win-the-2026-nba-finals,2026-07-01T00:00:00Z,True,False,,Toronto Raptors,12702327.367797911,541894.71836,0x4405c62496c4fdd275d17ec31567a01534013c518c314ce61bb633b5e7cb6426,"['111039354521750894925304771773687530394455073318948424656845140321925374032772', '30357767947480285883761313215827358416711193584639846702115748417508830705975']",SPORTS
553877,Will the Phoenix Suns win the 2026 NBA Finals?,will-the-phoenix-suns-win-the-2026-nba-finals,2026-07-01T00:00:00Z,True,False,,Phoenix Suns,14380552.956527982,1153898.81983,0xa49fc89bfb87bb302bfc43567709850565161bdaed5bc506bff4b85fd3c5c2ee,"['106572879185916710503631021854572801471104977091252507745096331167318654083650', '58087869106006103428727335605812139174959660101169613412457934526729964554109']",SPORTS
553879,Will the Portland Trail Blazers win the 2026 NBA Finals?,will-the-portland-trail-blazers-win-the-2026-nba-finals,2026-07-01T00:00:00Z,True,False,,Portland Trail Blazers,20497052.104947727,1290753.01513,0x6331a779482df72d904c3c1e12b6409ff836bc06f8c97945cba9b25ada2c605c,"['82402823484466457361170410951601106261368113664328436062375970009969959380598', '48262548906086150698299934962091284390063927164151224719187427455086357699251']",SPORTS
553881,Will the Atlanta Hawks win the 2026 NBA Finals?,will-the-atlanta-hawks-win-the-2026-nba-finals,2026-07-01T00:00:00Z,True,False,,Atlanta Hawks,16318110.936084786,451325.57252,0xfda648d24cdad32dfe959195bd75ef4c81fbea5130eb6c7a4a0c18607a11ce63,"['46018378684967856456278619377189791752501136727354913341087475972513992392267', '20129983565567341010763130180914686218636854709832178286955080327775892526669']",SPORTS
553882,Will the Charlotte Hornets win the 2026 NBA Finals?,will-the-charlotte-hornets-win-the-2026-nba-finals,2026-07-01T00:00:00Z,True,False,,Charlotte Hornets,34724516.68561424,477533.59568,0xc58cfb7397c4f3f803f5c20135cafa7f6d2c87cf3bb1e6138042b95d828e1866,"['56958503032603479474712760211473691965846495282533669255954105717594026846100', '65993209531308632524221798569537933773833000068656072810215460807745426846637']",SPORTS
556062,MegaETH market cap (FDV) >$2B one day after launch?,megaeth-market-cap-fdv-2b-one-day-after-launch-738-867-649-272-765-733,2025-12-31T00:00:00Z,True,False,,>$2B,5956251.745708093,72139.0105,0xfc6260666d020a912a87d9000eff5116d2adfb8c30aba543427a4c1f1411f1a0,"['57301498276970257025109591078431189727442302532145853906375186182281603517458', '20615575591261238050354259319465440337102580196335623615376639598123117400036']",CRYPTO
556063,MegaETH market cap (FDV) >$6B one day after launch?,megaeth-market-cap-fdv-6b-one-day-after-launch-365-559-334-815-776-488-224-766,2026-06-30T00:00:00Z,True,False,,>$6B,2427346.562031017,51020.17697,0xdb68062324c27327e9cd4b21b1dd0deadbc4b860abb8c076b9ba3ed4652ced13,"['78059086946243166298250434231742381590921423205138738331803802527161013528631', '70438891017239169523888340706940482203786228582885836666142245799578935372711']",CRYPTO
556108,Will MegaETH perform an airdrop by June 30? ,will-megaeth-perform-an-airdrop-by-june-30-143-229-513-574-212-254,2026-02-01T05:00:00Z,True,False,,"June 30, 2026",1183674.5766219995,14058.46711,0xe459d1b598da754c9fd5fc155b6efe3a144aa80abbc7d041fce7d35d903d3c8e,"['96797656031191119176188453471637044475353637081608890153571023284371119486681', '102844052859529992637803443259193395522411387362312885030298797134413940349829']",CRYPTO
558934,Will Spain win the 2026 FIFA World Cup?,will-spain-win-the-2026-fifa-world-cup-963,2026-07-20T00:00:00Z,True,False,,Spain,13662201.04968716,1576934.35411,0x7976b8dbacf9077eb1453a62bcefd6ab2df199acd28aad276ff0d920d6992892,"['4394372887385518214471608448209527405727552777602031099972143344338178308080', '112680630004798425069810935278212000865453267506345451433803052322987302357330']",OTHER
558935,Will England win the 2026 FIFA World Cup?,will-england-win-the-2026-fifa-world-cup-937,2026-07-20T00:00:00Z,True,False,,England,11765367.63464287,1397555.23595,0x375409bc5eeeff961e82b479caeccc20f33d15738e5bce1186d628aa3d9dfb1f,"['115556263888245616435851357148058235707004733438163639091106356867234218207169', '77121637225348873006259930776623502125079210522997384841464684944292365296940']",OTHER
558936,Will France win the 2026 FIFA World Cup?,will-france-win-the-2026-fifa-world-cup-924,2026-07-20T00:00:00Z,True,False,,France,13541725.836040819,880671.42801,0x9b6fef249040fd17e9c107955b37ac2c3e923509b6b0ff01cc463a331ddeb894,"['108233603819467706476318984012158651931658302669301887462181073562758483842092', '32270411694523539495262303868629477861017829722282576458031815333486368239544']",OTHER
558937,Will Brazil win the 2026 FIFA World Cup?,will-brazil-win-the-2026-fifa-world-cup-183,2026-07-20T00:00:00Z,True,False,,Brazil,11858557.826621078,1381664.42378,0x30d55d8124ee1e12dabe89201badc45669b81dff69e4ce44d961f32878ec178a,"['27576533317283401577758999384642760405921738493660383550832555714312627457443', '52986718774908357330412653486471347449818893503063830313445318937088822580057']",OTHER
558938,Will Argentina win the 2026 FIFA World Cup?,will-argentina-win-the-2026-fifa-world-cup-245,2026-07-20T00:00:00Z,True,False,,Argentina,12088765.567580061,1538375.8068,0x0c4cd2055d6ea89354ffddc55d6dbcef9355748112ea952fc925f3db6a5c457f,"['18812649149814341758733697580460697418474693998558159483117100240528657629879', '115428153746996892211798999366308897078723117634059783423375188043903703749062']",OTHER
558939,Will Germany win the 2026 FIFA World Cup?,will-germany-win-the-2026-fifa-world-cup-467,2026-07-20T00:00:00Z,True,False,,Germany,11116482.290758573,1415514.2511,0x1595b4818eeb1ea1e0bec5de6f057218e557feee9b405a0e930d290384fa1d16,"['81739002353269632749850710185641576213562066971072676369728657545679630163887', '45484070731786948288366703334552551439356529561722304542938873238430842810537']",OTHER
558940,Will Portugal win the 2026 FIFA World Cup?,will-portugal-win-the-2026-fifa-world-cup-912,2026-07-20T00:00:00Z,True,False,,Portugal,12964202.484257648,786837.30429,0x4f3421fb2daf5cca7430ed8d8132463963081572d75434393a1808fdb8829fe8,"['45415751658241142530386585138386640503488308219341470020075667342738719018629', '31940783580344558651011323787577288681658737625185216525249046282994042503801']",OTHER
558941,Will Netherlands win the 2026 FIFA World Cup?,will-netherlands-win-the-2026-fifa-world-cup-739,2026-07-20T00:00:00Z,True,False,,Netherlands,13833283.796867905,1345793.15234,0x9be56371f6a29d12769b2f196847ee825b9585ebb8bfa042136be031b081eba1,"['55935183786009449883683540312350046975246300613283087403691731856990327029236', '103711573894614472510743687764792452240919804104728889027222697502832804498206']",CRYPTO
558943,Will USA win the 2026 FIFA World Cup?,will-usa-win-the-2026-fifa-world-cup-467,2026-07-20T00:00:00Z,True,False,,USA,12002213.30296984,2520291.48448,0xcdb1f0400949238a63d3e88243d2ada08cd9c2a71985ced9f0cfd5e66354cf90,"['94603648636330087039501304492699481091005420017442244191603206509188088089447', '45270201343463663182019040935560267543606888663369415494551943549463253748361']",OTHER
558944,Will Uruguay win the 2026 FIFA World Cup?,will-uruguay-win-the-2026-fifa-world-cup-932,2026-07-20T00:00:00Z,True,False,,Uruguay,12500228.46575399,2887423.29857,0x7876851632c295043c66536150a304cb785abdf712ba8489d298c6e6926be106,"['97239126062673310243763617236644392945530356142765650402171508075574679292913', '19291692040378529618917910599727571242305935029274321291612270922648172794670']",OTHER
558945,Will Mexico win the 2026 FIFA World Cup?,will-mexico-win-the-2026-fifa-world-cup-529,2026-07-20T00:00:00Z,True,False,,Mexico,13368412.89191727,988025.65815,0x5ccfe1b69a582d2985db08a8481a0d74c314b1fce9b4711ae2efb2c6467fe6aa,"['22587775301869146748237913050505932485648958481571808324285560650057390882036', '89041006475364789358805026139650677807087698981377208157664917554760333198878']",OTHER
558946,Will Belgium win the 2026 FIFA World Cup?,will-belgium-win-the-2026-fifa-world-cup-358,2026-07-20T00:00:00Z,True,False,,Belgium,11825907.31835921,1489894.23996,0x32cfa52198e85e070d1b17d1b53c5c3a6aaae7736cdc33fa6aa04d353f0c2811,"['30815807067456631524510535002617106205417832891402132396713720656146245200000', '71145888994888153292442623019750517622535407476309461406574461229898137896934']",OTHER
558947,Will Colombia win the 2026 FIFA World Cup?,will-colombia-win-the-2026-fifa-world-cup-734,2026-07-20T00:00:00Z,True,False,,Colombia,11190734.629906826,2041003.15504,0xe99cc59f32b10d23acf196d1a0e8264ea30fca198428acadd3464b06ff60e771,"['98803390175521456712653678280474920637934596234667490983228578374641217211132', '66826965351166675155887515167306086307412332225034738589879767944935462342380']",OTHER
558949,Will Japan win the 2026 FIFA World Cup?,will-japan-win-the-2026-fifa-world-cup-112,2026-07-20T00:00:00Z,True,False,,Japan,15037467.026945015,1115537.28857,0x0189df05ed7bf84d799213b01a79571e305c03b2ac5359cfbb3a323448ba20fa,"['19159976531313550247579355752030367100657092033093647047491459813592996250034', '30480347120583372139084467958111617967991872806450711152133323106144105346695']",OTHER
558951,Will Norway win the 2026 FIFA World Cup?,will-norway-win-the-2026-fifa-world-cup-893,2026-07-20T00:00:00Z,True,False,,Norway,12089140.799372202,1569433.15606,0x7b52405ad0e0d31bfe970940b67d77f24ecedeab8a2361c11148c02a006e325c,"['60447443643099453130956385288904175887233107411078568881602330835010340506057', '111538579557239934343870815626480092245052857494675784434731223739153238373070']",OTHER
558952,Will Canada win the 2026 FIFA World Cup?,will-canada-win-the-2026-fifa-world-cup-755,2026-07-20T00:00:00Z,True,False,,Canada,14831127.042871974,3260207.36809,0x67443cb1ffb2bf180f7df5b6ca7adff63f7e8e933c7e41405ba118f3e9f8befb,"['99303605181956827630838461879484468077121754034387765735989859308848389894408', '69727421603231227453181655442677441322028725849495647325726292556190704508348']",OTHER
558954,Will Tunisia win the 2026 FIFA World Cup?,will-tunisia-win-the-2026-fifa-world-cup-165,2026-07-20T00:00:00Z,True,False,,Tunisia,14382964.60318919,4184231.67418,0xff0cfa9506cfa95759e4c7591654195bd26e3011f9882b51439135e04f2b69f1,"['86035858416252385053603758548087253570549129844230230783932738372075949702177', '110028171623846551687151479494325822981244001939750602839571004785511377900325']",OTHER
558955,Will Ecuador win the 2026 FIFA World Cup?,will-ecuador-win-the-2026-fifa-world-cup-986,2026-07-20T00:00:00Z,True,False,,Ecuador,14467602.471052779,2408018.40752,0xbaf7780f9059e34b84301fd411f8dc573b4d56adfe6e0cda33daf304b1438da4,"['39971087496427056640429359043364261029374524049464674733142166279730655826181', '76638532101043658630369484092110685720624002077285242368448475410253808399541']",OTHER
558956,Will Paraguay win the 2026 FIFA World Cup?,will-paraguay-win-the-2026-fifa-world-cup-967,2026-07-20T00:00:00Z,True,False,,Paraguay,15257518.346444348,3285361.60491,0x675bba4df50fd123f7fbfbafa67e9b75f4092d85ce0f9148ce78fc945964c856,"['93165696161088512376930999170413968261015485018106746563527821398897374023845', '64564930076241670294516403352804569921660004975706088367725793399153499601932']",OTHER
558957,Will New Zealand win the 2026 FIFA World Cup?,will-new-zealand-win-the-2026-fifa-world-cup-635,2026-07-20T00:00:00Z,True,False,,New Zealand,22655988.96750435,4415959.43477,0x9e5f9d8c384f8fe368b195fa9a780be58643dff7360588a4e577012df8af00a7,"['79609298644734030886284029462369514848707878622071495577618126141372199748974', '19300733445673111152563700067702596357686293159476142927049736146587326855017']",OTHER
558958,Will Australia win the 2026 FIFA World Cup?,will-australia-win-the-2026-fifa-world-cup-816,2026-07-20T00:00:00Z,True,False,,Australia,12609341.286236998,4606933.30229,0x098e2be3df8ab529940c567819f8ef007cf007820e9d627642a5bbfaa42af372,"['43661509251351142169227141691164122649250455115438867334436875294380701133091', '36726371220435722462734467218102931225443889493446335046337202920930764439505']",OTHER
558959,Will Iran win the 2026 FIFA World Cup?,will-iran-win-the-2026-fifa-world-cup-788,2026-07-20T00:00:00Z,True,False,,Iran,14383910.145800969,3399261.87334,0x84edef36bded182da6a395ac6c785dba8f3e09b6c5ad041385b2042536cbef25,"['33747305042007778221968790541070114008811587676172030120559423448386310500957', '80777593725072886250387021020386140490553855405927920539616996585797139624012']",OTHER
558960,Will Uzbekistan win the 2026 FIFA World Cup?,will-uzbekistan-win-the-2026-fifa-world-cup-773,2026-07-20T00:00:00Z,True,False,,Uzbekistan,32146538.261700172,3930836.49915,0x965ebc5d79eb1ec02cad67245a44b9e45b33359018f013fb6cf81d5bbf7bcc8d,"['90538013438399246674125939147272424357773921253199632436930218305581040235987', '105754735859803813986361714630753276237891536292440584153365249756008425623608']",OTHER
558961,Will South Korea win the 2026 FIFA World Cup?,will-south-korea-win-the-2026-fifa-world-cup-485,2026-07-20T00:00:00Z,True,False,,South Korea,18150709.246646,3622604.36119,0x65307f30dce84ac35e41813035d3c04933da830dc4efbbb2fcdc4b282700ef3b,"['80724786407275266937534613008558715581084712230616856739273522348302669402554', '100966306057435164439067339228624332754270252294302540206756310699254942177976']",OTHER
558962,Will Jordan win the 2026 FIFA World Cup?,will-jordan-win-the-2026-fifa-world-cup-233,2026-07-20T00:00:00Z,True,False,,Jordan,19408006.011081785,4758103.57165,0x33a87d02fa01e958929385c74b8627d32cc4474e9ebd312d268865c5207147fa,"['98686749402500678753487703372528277029342097490180026723487433517076969282825', '64799211284650435818319700973089994510508551533538430983091938324711590775445']",OTHER
558963,Will Morocco win the 2026 FIFA World Cup?,will-morocco-win-the-2026-fifa-world-cup-464,2026-07-20T00:00:00Z,True,False,,Morocco,13482608.20787013,848390.88062,0x37a6de1b21803e5f3fb1965116218215d79963af4f7e51659696366267a63a03,"['69910730841487615802736046038473620030754616421912831175284551372639933569112', '64291832879722161879651094688874074984529456778901604558632306686248535158725']",OTHER
558964,Will South Africa win the 2026 FIFA World Cup?,will-south-africa-win-the-2026-fifa-world-cup,2026-07-20T00:00:00Z,True,False,,South Africa,22749242.826914947,3740057.4835,0x233ce0c3969a5cd5079287f16fcd283be7c1db82263e08697f85dbe1b4d2113c,"['29544965695734183971376022965555206180154533479443150154863135205600734339980', '111245917748445356120705119950074393193967942028497826347734348592797775138872']",OTHER
558965,Will Senegal win the 2026 FIFA World Cup?,will-senegal-win-the-2026-fifa-world-cup,2026-07-20T00:00:00Z,True,False,,Senegal,12991279.498835448,1582823.51937,0x6972edb1b3f8cd8192651a665fc424dff846efe1c4a2376f628d4b20c704144c,"['32169302633723235235251659810064817019484855501133685217130365128535248672349', '113265059897956746691843122168656761655221736394810246476379385708691102755798']",OTHER
558966,Will Ivory Coast win the 2026 FIFA World Cup?,will-ivory-coast-win-the-2026-fifa-world-cup,2026-07-20T00:00:00Z,True,False,,Ivory Coast,12668877.954814767,3730328.15369,0x289568d555ec620ed6fa33c936c5f42649d3a2e30748a1daf7079f42453fbea4,"['58374167250364215964582274356498746399676421878376948523944979542572589542202', '70753274007979480001882804624792378182371580903023185997594096497692751054228']",OTHER
558967,Will Ghana win the 2026 FIFA World Cup?,will-ghana-win-the-2026-fifa-world-cup,2026-07-20T00:00:00Z,True,False,,Ghana,13834372.635190215,4436656.08304,0x881a3ffa618b6ae0ab95a5637e310afb1afc2d99c921bfe3235b15eccfce0344,"['43907673646206657865778036957293730446366626078011238443367990170655175896145', '10398766811303655595339782235864350348828881761515262235130136230008770201075']",OTHER
558968,Will Egypt win the 2026 FIFA World Cup?,will-egypt-win-the-2026-fifa-world-cup,2026-07-20T00:00:00Z,True,False,,Egypt,15239021.258111296,3354481.76444,0x7412d284c8f63791fec807f9b1f61c6fe61163621775a3dc8686cd2575272abe,"['30499731947464516579580181356221397335865912996104577000510883912653418218808', '65652065262666433168143828460188123377751865571317729312655170081534213236077']",OTHER
558969,Will Algeria win the 2026 FIFA World Cup?,will-algeria-win-the-2026-fifa-world-cup,2026-07-20T00:00:00Z,True,False,,Algeria,14762377.550655795,4522674.68574,0x5a59d269c2b5108cd2f64c624e46ee2c8b5cfd88b882582565f927918315b6aa,"['58392024727359233794992635293106675983094683080284912908526627785964160484939', '49871252661742427315226109307954871479267113637891510501334531720454017709951']",OTHER
558970,Will Cape Verde win the 2026 FIFA World Cup?,will-cape-verde-win-the-2026-fifa-world-cup,2026-07-20T00:00:00Z,True,False,,Cape Verde,15846573.360299932,4625696.45825,0x3bc69cb672591e4fcd2ef856b64b219a906e15d4601b50066ac81a446574dfaf,"['61595193871140044336898809781418183952441527621084596848414908595268863899573', '51603557647605526784272094285656249935467020057355371392584885347569984808630']",OTHER
558971,Will Qatar win the 2026 FIFA World Cup?,will-qatar-win-the-2026-fifa-world-cup,2026-07-20T00:00:00Z,True,False,,Qatar,16804028.540688872,4943517.30364,0x4fe305a2ae995a52ff278895344895fe587b4fec3d5f04347b4dbf5e99bce99c,"['18605216520960122093689427575806651607517827372535894526532079999408408169156', '84553189233868837011173802287245466242361930181501918469303092803731514390253']",OTHER
558972,Will Saudi Arabia win the 2026 FIFA World Cup?,will-saudi-arabia-win-the-2026-fifa-world-cup,2026-07-20T00:00:00Z,True,False,,Saudi Arabia,21162607.558910534,4034320.37892,0x3fb8a8de2ac275882d72b2c4f22d41776fcf033f9e413a77a84dd395c0d5257c,"['23542782083949026234898323432000742558288032327930681121040136746492993951914', '114546670306823666642195507621782951860129088864927983250949362928442688463192']",OTHER
558973,Will Scotland win the 2026 FIFA World Cup?,will-scotland-win-the-2026-fifa-world-cup,2026-07-20T00:00:00Z,True,False,,Scotland,15391142.579538122,3550373.20609,0xf950740bc71136155d6525cc0528a582c81f88812bff227803190c32ca25f54d,"['105252206997885252352889070218074909957179496257006510170583432513037465278006', '83036729811309811995794968105073507480036161583897760544623930912713394505713']",OTHER
558974,Will Switzerland win the 2026 FIFA World Cup?,will-switzerland-win-the-2026-fifa-world-cup,2026-07-20T00:00:00Z,True,False,,Switzerland,12513784.898583377,1681889.14212,0x3a26ca6425e2d98f14935670bc22cdb0744defc6f6d83c65f8c413a921c5c70c,"['62131913648515148266463816694306031394539656598501514114816028349608560215534', '45315272750116791836504013666029583517532908319286234834610455739871173419179']",OTHER
558975,Will Austria win the 2026 FIFA World Cup?,will-austria-win-the-2026-fifa-world-cup,2026-07-20T00:00:00Z,True,False,,Austria,13570466.207452325,2893624.04902,0xfe230d510eaf545198c0d62bb17871e5fe8989f1b19aa54c0c062b858360987c,"['88168215299416146215691671077998911754346458567817860712850392736799004561327', '88156352219650092845199724072742433369069988856568846096337560285593531555407']",OTHER
558976,Will Croatia win the 2026 FIFA World Cup?,will-croatia-win-the-2026-fifa-world-cup,2026-07-20T00:00:00Z,True,False,,Croatia,11170276.192801965,2128431.54035,0xe5bd80313b8859e3f5761568ac9498866ea9d4419e4d1b6a877a9a9bd2754cb4,"['106593539437032467615148553707998472829334050617128244920821917025746481184109', '22335540631248526397385139154377717431237265005174891396662761131414559126312']",OTHER
558977,Will Haiti win the 2026 FIFA World Cup?,will-haiti-win-the-2026-fifa-world-cup,2026-07-20T00:00:00Z,True,False,,Haiti,15369953.963820064,4960571.65876,0x506f80bcf76bc75e6b31a250e2d754f347c4c231665326931d58bdb339ba1913,"['113379015922744700109400673843380371641970914885846970213129353605968934558386', '7452445673065716792879664309598949732608843578632923430902121866203768915742']",OTHER
558978,Will Curaçao win the 2026 FIFA World Cup?,will-curaao-win-the-2026-fifa-world-cup,2026-07-20T00:00:00Z,True,False,,Curaçao,29169723.136593238,4432805.12491,0xdb4b2f370c3d0e996fbb32213c87aa5402936e3d4882432b6738e2f5661b79a6,"['69020832226510184384177497367584971770730339593583713190288186699694495509961', '57880090995762041847706075076337915070476459103836011898392946953962001410644']",OTHER
558979,Will Panama win the 2026 FIFA World Cup?,will-team-z-win-the-2026-fifa-world-cup-316,2026-07-20T00:00:00Z,True,False,,Panama,3974028.727771005,4960922.04458,0x9779c09fd4dd0a1c82dd82618269c2aa5669d91305293b396d1e0b8a166b566e,"['112181485529919660901332188537214992263355343785744498550605179448744432717486', '54713157489249811305010442901837547158293079674050742517995375602657385198814']",OTHER
558980,Will Sweden win the 2026 FIFA World Cup?,will-sweden-win-the-2026-fifa-world-cup,2026-07-20T00:00:00Z,True,False,,Sweden,4667840.199615999,2780042.98016,0xd0dbdc94b28c5cffeef64ed6b13e5f0f2324fb177e5ffaa634b48c88fe18d5e7,"['41004484905556820430171783088292854654441952667499527125436634397522798168110', '5505010946036330007136366602843685650332532780067992773464881166501235782352']",OTHER
558981,Will Congo DR win the 2026 FIFA World Cup?,will-congo-dr-win-the-2026-fifa-world-cup,2026-07-20T00:00:00Z,True,False,,Congo DR,10297223.583976047,3035704.43969,0xcd836ec4d94b8a4ddc5713d80fe9db245d2fb4796eaf12337974da1b4e96100d,"['87403333427856945144645806003352057704193778078820484282942507058200689996202', '43528414195007977002195624860045129351164807876978747566236159804271175691009']",OTHER
558982,Will Iraq win the 2026 FIFA World Cup?,will-iraq-win-the-2026-fifa-world-cup,2026-07-20T00:00:00Z,True,False,,Iraq,4304533.792996963,4969539.90318,0x51e8c8df709aa78f64d2d9324d9d2556270f81e3966ade308099e5338bb4e4c9,"['53465512181802150755993130711224070738002100921790051090044528012833736167995', '104137480799334367207764507943317769727862093918816792190533154232239547234217']",OTHER
558983,Will Bosnia-Herzegovina win the 2026 FIFA World Cup?,will-bosnia-herzegovina-win-the-2026-fifa-world-cup,2026-07-20T00:00:00Z,True,False,,Bosnia-Herzegovina,4525643.110099984,4905040.97801,0xbce6698c9a61376c0709a2a724a9cf0dd0236d8dea882533073b6bb062efbee0,"['89770121993255619705119104591644526712193505786928967250693522950895615785005', '334114555297655433618918589540388457186530884312703967834539640747792887116']",OTHER
558984,Will Cezchia win the 2026 FIFA World Cup?,will-cezchia-win-the-2026-fifa-world-cup,2026-07-20T00:00:00Z,True,False,,Cezchia,2832101.9598400025,4844607.15089,0x5e614739363bbfc399469102c600e4e8260032d41e59e0bc12ebc0e71231642d,"['35797818400757287472708740881657961304270157125643131597907636474183210188025', '7178132479418833271220202496199802982233847400465199094850639568068936253094']",OTHER
558985,Will Turkiye win the 2026 FIFA World Cup?,will-turkiye-win-the-2026-fifa-world-cup,2026-07-20T00:00:00Z,True,False,,Turkiye,5142932.779198003,2688359.95354,0x106ccc4508432a065a67394837d4c2c529a8d77ed69fa3ba90b81eedf5236598,"['18704778540677036028551740861729937822696511439974613107767625408338509619395', '79903375968759183705713252823977157971970949200427111658524625623146332835513']",OTHER
559651,Xi Jinping out before 2027?,xi-jinping-out-before-2027,2026-12-31T00:00:00Z,True,False,,,8189663.72302669,157004.70965,0xa467b14d51f01b957109d9cbb1d6c124fab2a089d52ed8f471d23c2812e743b7,"['32338220190071351435772801779725302244575775216413325951443816017994629993401', '25659310674993675562345759665114759892400026242514633218387667107987341231962']",OTHER
559652,Will Gavin Newsom win the 2028 Democratic presidential nomination?,will-gavin-newsom-win-the-2028-democratic-presidential-nomination-568,2028-11-07T00:00:00Z,True,False,,Gavin Newsom,23889385.983825557,399567.80666,0x0f49db97f71c68b1e42a6d16e3de93d85dbf7d4148e3f018eb79e88554be9f75,"['54533043819946592547517511176940999955633860128497669742211153063842200957669', '87854174148074652060467921081181402357467303721471806610111179101805869578687']",POLITICS
559653,Will Alexandria Ocasio-Cortez win the 2028 Democratic presidential nomination?,will-alexandria-ocasio-cortez-win-the-2028-democratic-presidential-nomination-653,2028-11-07T00:00:00Z,True,False,,Alexandria Ocasio-Cortez,12401249.551643213,491900.74486,0xe6bcc2f1dd025ce5e1833190f7c60a71171c94f805df55b9ab0ded695ec93565,"['107064985435494333113391038470401719113272800530429703182710416066774068907304', '65176072261324737856085688071627118509549293922582857186996392180609764586527']",POLITICS
559654,Will Pete Buttigieg win the 2028 Democratic presidential nomination?,will-pete-buttigieg-win-the-2028-democratic-presidential-nomination-687,2028-11-07T00:00:00Z,True,False,,Pete Buttigieg,10116393.058057617,451472.79829,0x4c325469d9b516ef4e6b8f73a81a12607dec075e3c2fd454f91765aaeafc4760,"['91031279171981959197361710127213577102576826515163085396576756946418341946256', '18494065527924073750217237765784380365430319396356251245973222791140100738948']",POLITICS
559655,Will Josh Shapiro win the 2028 Democratic presidential nomination?,will-josh-shapiro-win-the-2028-democratic-presidential-nomination-977,2028-11-07T00:00:00Z,True,False,,Josh Shapiro,7183479.1562793115,462213.46291,0xd65891729ce093cc12236856837eba1a0872fc7998fd4294c21346f7db68079c,"['71169839497420596285841847514123589847893415750912355173877524195175834054354', '55290827599553280245963175724940496753557722439999671239772487781170052583987']",POLITICS
559656,Will Wes Moore win the 2028 Democratic presidential nomination?,will-wes-moore-win-the-2028-democratic-presidential-nomination-714,2028-11-07T00:00:00Z,True,False,,Wes Moore,14628576.999556975,653941.26468,0x61d9486c0f7e14ed98f3b177b6adcb3cd45646c92e8bbfbf209789b86472d4b6,"['90227223115596293448966158151606153337847900483048338623540402385929720677904', '105134691322323565615831879054043168027913414000042547943201361115853277749482']",POLITICS
559657,Will Stephen A. Smith win the 2028 Democratic presidential nomination?,will-stephen-a-smith-win-the-2028-democratic-presidential-nomination-914,2028-11-07T00:00:00Z,True,False,,Stephen A. Smith,18571485.855502453,475599.43125,0xc8f1cf5d4f26e0fd9c8fe89f2a7b3263b902cf14fde7bfccef525753bb492e47,"['60590045489347122735554346200880179420435533609307820342798544098823516727807', '76005700027045000587004110133818166617024719626220722682005164003117993034812']",POLITICS
559658,Will Kamala Harris win the 2028 Democratic presidential nomination?,will-kamala-harris-win-the-2028-democratic-presidential-nomination-641,2028-11-07T00:00:00Z,True,False,,Kamala Harris,10832598.401070982,288015.97294,0x909659c9436228e2be56d5582ba6188166f2f8bf3c596335512c8f2e380d01ec,"['38171024903091354977195167437673496224420673639143973968032407064172828043588', '26930844951471612827925270830087046333229637930899178134435055616497220846773']",POLITICS
559659,Will Gretchen Whitmer win the 2028 Democratic presidential nomination?,will-gretchen-whitmer-win-the-2028-democratic-presidential-nomination-676,2028-11-07T00:00:00Z,True,False,,Gretchen Whitmer,8116878.700778023,591109.31116,0xe39adea057926dc197fe30a441f57a340b2a232d5a687010f78bba9b6e02620f,"['57761428076807364758801249497410455358987881775226117256631754592198558850468', '64300336035644500626313522990854070672468621241744347587785777226296613235598']",POLITICS
559660,Will Andy Beshear win the 2028 Democratic presidential nomination?,will-andy-beshear-win-the-2028-democratic-presidential-nomination-832,2028-11-07T00:00:00Z,True,False,,Andy Beshear,11050530.458200876,577990.7928,0x1d519b87999e3d4e90e1e8f57b5eee73a0ba488ff3fdb70867f294733aba84a9,"['26468656392978559668331516709623917078428425933265692717836103090220693717685', '26335362363448644358593284423242327477307616743233875606762153873424287882825']",POLITICS
559661,Will Jon Ossoff win the 2028 Democratic presidential nomination?,will-jon-ossoff-win-the-2028-democratic-presidential-nomination-885,2028-11-07T00:00:00Z,True,False,,Jon Ossoff,8203461.175173907,294735.89305,0x74dba1ce1ae9dd535414e85f2d9ab5ea32c0fb1acc9b7130b67e6d91217e24e1,"['70071592420137476676935286377781779672157004436137616627487590484756055232944', '107829893465244243112531790315844862173967342141753896250561816305880797209350']",POLITICS
559662,Will Mark Cuban win the 2028 Democratic presidential nomination?,will-mark-cuban-win-the-2028-democratic-presidential-nomination-329,2028-11-07T00:00:00Z,True,False,,Mark Cuban,19045986.116670527,1702420.5176,0x9d4f94f82de9d13ff1d3318639ab9000ee2533949e525343156f374fb00bd9b1,"['58378309871183461257693288827678410871907006920578755035402846056315798427503', '55392527126713018429304496836617506663024188480522297953714346140749923557790']",POLITICS
559663,Will J.B. Pritzker win the 2028 Democratic presidential nomination?,will-jb-pritzker-win-the-2028-democratic-presidential-nomination-288,2028-11-07T00:00:00Z,True,False,,J.B. Pritzker,13354654.42741398,426974.1372,0xe883f2fda25a605a184bb5fe583afce6cc21ea0b348b6a3728ec3067553c548d,"['103988345069738240821107916249290759786442703283901164377120414690701074137717', '108650988487983371520585351370999192979899647080710024226285750050382033453124']",POLITICS
559664,Will Raphael Warnock win the 2028 Democratic presidential nomination?,will-raphael-warnock-win-the-2028-democratic-presidential-nomination-914,2028-11-07T00:00:00Z,True,False,,Raphael Warnock,27450428.78402659,950430.03643,0xdce84960dce38aa4a5800a5eba7c9ac34d2ce49ba9d44c42572c472d468af264,"['52310257194926233099477326083312959938983447523839326865869372741334281264830', '88403451835230950222119400360490338078378790763472355557584611572247419676051']",POLITICS
559665,Will Cory Booker win the 2028 Democratic presidential nomination?,will-corey-booker-win-the-2028-democratic-presidential-nomination-125,2028-11-07T00:00:00Z,True,False,,Cory Booker,22428634.49112583,1318364.96176,0x1970bcce75e3674660917ae4685b433a9b1e0152d810a8d7c346dfd5e00694c2,"['50887272939612765629559172143901565817521391945540156085421963433918821328137', '29006371059590547574472177233842141554614007974283936149779962779213443973844']",POLITICS
559666,Will Tim Walz win the 2028 Democratic presidential nomination?,will-tim-walz-win-the-2028-democratic-presidential-nomination-475,2028-11-07T00:00:00Z,True,False,,Tim Walz,38396335.224632785,1204091.0274,0x3265b10daeb30dbcc3214bd02e488551d0a5d3028392f4152e4750b943fbfc91,"['104464678880204778606895232389511543522030897731392516718349574106843434770446', '90935594925886073322524509252821043048115343298080885997215308777385571383769']",POLITICS
559667,Will Michelle Obama win the 2028 Democratic presidential nomination?,will-michelle-obama-win-the-2028-democratic-presidential-nomination-777,2028-11-07T00:00:00Z,True,False,,Michelle Obama,22988627.256447162,1629311.66699,0x3e218c99a1335641b3a5ee6c887521d19b0c28fddd6b99c254a07968e35c0b1b,"['83723134981785004242996949681785273460678873813693556756054904164484296299719', '107146110974011455665373243296921398136854344089489911087344946921091914123046']",POLITICS
559668,Will Mark Kelly win the 2028 Democratic presidential nomination?,will-mark-kelly-win-the-2028-democratic-presidential-nomination-479,2028-11-07T00:00:00Z,True,False,,Mark Kelly,12879295.739208488,300039.92132,0x36db77c539bcc8c7bf0686c1b99f30c5a5eed1f53d3b3a27a071550c81f83701,"['92325249719485031139867422012514654102580961954747753469470405147070256604118', '5116999494213083595175041146469973274436003044730013359502912125889113751080']",POLITICS
559669,Will Rahm Emanuel win the 2028 Democratic presidential nomination?,will-rahm-emanuel-win-the-2028-democratic-presidential-nomination-299,2028-11-07T00:00:00Z,True,False,,Rahm Emanuel,12524667.460376017,568926.22024,0x3dc47a72ac6bb265e9cefebd2a2eeed00966394cb2d07245b5c94138b60e82a3,"['10521981432803570450946212503203364998108630328528216082760514453664705157397', '91949042216127305292438280992722171735754548787382833799906976841509942727662']",POLITICS
559670,Will Gina Raimondo win the 2028 Democratic presidential nomination?,will-gina-raimondo-win-the-2028-democratic-presidential-nomination-676,2028-11-07T00:00:00Z,True,False,,Gina Raimondo,30087454.870780855,1410045.19036,0xcb239105ed21a2420ba4d85090b9bc32755c56601ffdc528afd17fd6282fe930,"['35165603539035270209469650915267170915291414186795231160733227083640059691764', '82254794773423437491598574581796732934760602553828664932786984448280136473130']",POLITICS
559671,Will Zohran Mamdani win the 2028 Democratic presidential nomination?,will-zohran-mamdani-win-the-2028-democratic-presidential-nomination-445,2028-11-07T00:00:00Z,True,False,,Zohran Mamdani,34502211.77002864,1719795.2512,0x3535fb2f4aef6619dde8b367cb5e5d209526bb496d5d9778428c58a0252435e3,"['19323997520040734631220675039559156784534982703459512097490198935565229528445', '111309365336519526711604102518316708823622751854213281307404397618571408959194']",POLITICS
559672,Will Roy Cooper win the 2028 Democratic presidential nomination?,will-roy-cooper-win-the-2028-democratic-presidential-nomination-286,2028-11-07T00:00:00Z,True,False,,Roy Cooper,26835516.03292101,1397781.03645,0x939eeb2dea216749bd409bedde483c3f2bfb0e24d4f2d34461c0b21c6e91f010,"['30732552320006664177902085971957467957450485111214036633872573588757974348601', '55053374667733007627913689484290555932799177921000957543346276204775142445823']",POLITICS
559673,Will John Fetterman win the 2028 Democratic presidential nomination?,will-john-fetterman-win-the-2028-democratic-presidential-nomination-941,2028-11-07T00:00:00Z,True,False,,John Fetterman,17797688.335843302,2077110.53411,0xca1d1139b0c3a29983407f499476ae642482788e841a277eb86faeeb9fa4a85c,"['71289010523270989807437428651002770360280908813019627976988032260868574107425', '68686505966910102763700888296813272792512562699674656659355148432859571994559']",POLITICS
559674,Will Jared Polis win the 2028 Democratic presidential nomination?,will-jared-polis-win-the-2028-democratic-presidential-nomination-837,2028-11-07T00:00:00Z,True,False,,Jared Polis,22107005.41147622,728660.90084,0x8fbcb151e2c988df5a43abb02298014b7daf34c008f3eed9188dd16a2a19bec1,"['42119164854283656238382173699154739480090965550328051492328192273011556335098', '39150381508679235943386404690610035044747196600759141560840372170757042543675']",POLITICS
559675,Will Jon Stewart win the 2028 Democratic presidential nomination?,will-jon-stewart-win-the-2028-democratic-presidential-nomination-518,2028-11-07T00:00:00Z,True,False,,Jon Stewart,17060768.85148277,988442.26239,0xfee07be730188c94cd3644ed6f107fa3ea2dfab9989ce8d39aeeae064766abe3,"['58343456405874365460518182619380252930558598368174305791768670198253267891911', '84566561349071752664514432513198569980219178901068420341175150225620958953893']",POLITICS
559676,Will Barack Obama win the 2028 Democratic presidential nomination?,will-barack-obama-win-the-2028-democratic-presidential-nomination-265,2028-11-07T00:00:00Z,True,False,,Barack Obama,28412032.742748767,2117451.81344,0x88d67705780a3d922317ecb0c78a947a306174d0510df2ae89394d5abfb28206,"['88927218779847397120407909832537568114340511586397698395193736044476021744522', '93993883668914241189795812807312922412111034935516092303580333564217329905759']",POLITICS
559677,Will Hillary Clinton win the 2028 Democratic presidential nomination?,will-hillary-clinton-win-the-2028-democratic-presidential-nomination,2028-11-07T00:00:00Z,True,False,,Hillary Clinton,39212605.6044455,1966191.84278,0x663b88d3a8f2341bb8d878709dc78632bcaf7512e577bd15521e5d8ed933efbc,"['6349038249650226718426900942104344803413105653564595362433352811865798195800', '57931882677606943294773135604094039468334392354204920135953322654005083822055']",POLITICS
559678,Will Liz Cheney win the 2028 Democratic presidential nomination?,will-liz-cheney-win-the-2028-democratic-presidential-nomination-551,2028-11-07T00:00:00Z,True,False,,Liz Cheney,34568194.3641588,870642.8235,0x46dbd48d6bde5b81edb480e0f676a2cdda6c6b592c4d86a9367c7ad5a9870195,"['41340056280794024415573839406074658402877379128871144681466050648033201160259', '63802361760137863513735993346883582181207639895442036953936089060482564982249']",POLITICS
559679,Will Bernie Sanders win the 2028 Democratic presidential nomination?,will-bernie-sanders-win-the-2028-democratic-presidential-nomination-879,2028-11-07T00:00:00Z,True,False,,Bernie Sanders,41755219.44853258,2400802.60293,0x30cfb887558b20373a984da60c372fe5a90c0296aa6d8bb413a8aa7543846da2,"['113510300123120868861281132282742729065975487298059944817273881893086209196585', '3444964147133304300560138317203877470064591148213906708394693248804691192318']",POLITICS
559680,Will Phil Murphy win the 2028 Democratic presidential nomination?,will-phil-murphy-win-the-2028-democratic-presidential-nomination-611,2028-11-07T00:00:00Z,True,False,,Phil Murphy,37440592.8232297,2376505.1594,0x29283b56d3eec6d1d89fff51793d9d2e01579d2379b1d3e9ebda175d3561e809,"['81633484456710374417231462107666791993850637546563366185897100962157481970040', '114507466536734360808195115190160357255467689128176113085692265197019898971527']",POLITICS
559681,Will LeBron James win the 2028 Democratic presidential nomination?,will-lebron-james-win-the-2028-democratic-presidential-nomination,2028-11-07T00:00:00Z,True,False,,LeBron James,40011769.89850251,2207636.91756,0x8b203037c7c0e21b500314f8398d2a8ea294b7ce1f4f9185f426425a3505bc45,"['100561779829530520068956424581003844045516012444425572625523659025114550346085', '46254744034025107660239982269249567113656697231872036621777316158933638064598']",POLITICS
559682,Will Hunter Biden win the 2028 Democratic presidential nomination?,will-person-a-win-the-2028-democratic-presidential-nomination,2028-11-07T00:00:00Z,True,False,,Hunter Biden,33478128.41473768,1920207.71969,0x1945a8b23e313ed7423b6b6fd556f9ab5578900376b565a61dc480a5f4f35d21,"['11343337042526652606304508556838778144915122118685013460142819817079620240439', '19117858613830240204442128472263675815111662346578092643025820800380629933012']",POLITICS
559683,Will George Clooney win the 2028 Democratic presidential nomination?,will-george-clooney-win-the-2028-democratic-presidential-nomination,2028-11-07T00:00:00Z,True,False,,George Clooney,38814782.64575414,1485591.09928,0x822e61527476cabf98927e3aad385c5ecdae7086f945535f2c1fd9ae8dbfa46e,"['48218088132821386640274752564592889805082274744128282833036735027928992155024', '5645396948464928632054207670692862818297222862819597089648758232622731040046']",POLITICS
559684,Will Chelsea Clinton win the 2028 Democratic presidential nomination?,will-chelsea-clinton-win-the-2028-democratic-presidential-nomination,2028-11-07T00:00:00Z,True,False,,Chelsea Clinton,46189347.19959661,477540.38912,0xf2e51acfbb6d0414dc2ace81b7dc2af7c165e443dcb91f6caa7aab6d6ab4f06d,"['46211769122513729244602558513001215391004042100934296321661285791281233261657', '76057920052421891902791411567177996435483774677774664174053982044923692373687']",POLITICS
559685,Will MrBeast win the 2028 Democratic presidential nomination?,will-mrbeast-win-the-2028-democratic-presidential-nomination,2028-11-07T00:00:00Z,True,False,,MrBeast,36465782.83620879,1207263.48756,0xc44edcfdedb422bae8ff1803e2178d1ee025fc41efd81400ccbede709e018841,"['51035537065442638321333063915918274102446051033989435618245745345113522914516', '93910251767329056141706007839545721784238465183449597462421810827705938093892']",POLITICS
559686,Will Dwayne 'The Rock' Johnson win the 2028 Democratic presidential nomination?,will-dwayne-the-rock-johnson-win-the-2028-democratic-presidential-nomination,2028-11-07T00:00:00Z,True,False,,Dwayne 'The Rock' Johnson,10494384.620809024,400981.85432,0x8dbf6b51f302fd401065706245c144e93fe209abce183199433d4484b3ed8aff,"['40963724357262746498642320898188195118391211877976821531149510360187173789737', '14959910401705469574520698331840889689202579612030624016640567510369602599866']",POLITICS
559687,Will Oprah Winfrey win the 2028 Democratic presidential nomination?,will-oprah-winfrey-win-the-2028-democratic-presidential-nomination,2028-11-07T00:00:00Z,True,False,,Oprah Winfrey,45570219.07233831,369514.4582,0xe06a7e94cf2fa8dc2085b7610fe16e9be1cde6654f34d365c13da1149b276c61,"['2213957649161627793381994368131485505647723208738124952452819345058597751695', '44046525152074436753629616217525652949736205933417533647338274649282385796755']",POLITICS
559688,Will Andrew Yang win the 2028 Democratic presidential nomination?,will-andrew-yang-win-the-2028-democratic-presidential-nomination,2028-11-07T00:00:00Z,True,False,,Andrew Yang,44095784.219457194,1147658.00437,0x450810ae738a0ff820d3248f2b24937f63fb8c8cf422ed2a915125adb4d9d3c8,"['102504892414163237174864879683522880588750452841477290216845150938663289742135', '21234886083000978203440582985665409733123024063268807484684316771005736994028']",POLITICS
559689,Will Beto O’Rourke win the 2028 Democratic presidential nomination?,will-beto-orourke-win-the-2028-democratic-presidential-nomination,2028-11-07T00:00:00Z,True,False,,Beto O’Rourke,36261705.528301306,1537037.89663,0x8ecd1d15e521b7d1020ad5596cc981c8764e9dcfbc3648f582e1a5138aee7185,"['37126434962149084556522721025504254258386171468763869879755961635390358765833', '2426274669138238576933962603416907393958833898063513872892433203206006096668']",POLITICS
559690,Will Kim Kardashian win the 2028 Democratic presidential nomination?,will-kim-kardashian-win-the-2028-democratic-presidential-nomination,2028-11-07T00:00:00Z,True,False,,Kim Kardashian,35126650.24028773,2026473.68585,0x0f8ef3cc906ba7ba94a44724738df44bdd5f73e59e40c9c8b4ff8569e349643c,"['55087250670040717711131370018408221134109122974378698780636020561523521220754', '108145967398435925971960442906832714254932011684365058146885679351681137451999']",POLITICS
559691,Will Chris Murphy win the 2028 Democratic presidential nomination?,will-chris-murphy-win-the-2028-democratic-presidential-nomination,2028-11-07T00:00:00Z,True,False,,Chris Murphy,13009644.30703602,942032.15422,0xc720fcfa9e29346a976902f87e0f0f3bdc31d43af501b4fdef4f1780a30dd359,"['8815924480259634499011776432080696931704057619336093802050596292915996723758', '45099054006923138281311463758770234951153596952213440096254242321807308634603']",POLITICS
559692,Will Jasmine Crockett win the 2028 Democratic presidential nomination?,will-jasmine-crockett-win-the-2028-democratic-presidential-nomination,2028-11-07T00:00:00Z,True,False,,Jasmine Crockett,28331153.435611773,1708075.57013,0x3cd6e52603d80ddbbdac9b1a4d43f9b7faa6aae4fae4d0fdfad3bd58454da7d3,"['22103094389913052942362639589409218272323168761614999702665821259175535456835', '10893367019711826592833821276710094799225035200719824531380610476790390190688']",POLITICS
559693,Will Ruben Gallego win the 2028 Democratic presidential nomination?,will-ruben-gallego-win-the-2028-democratic-presidential-nomination,2028-11-07T00:00:00Z,True,False,,Ruben Gallego,4590361.039175019,434785.94698,0x98933c78b5e277b62d91a6c174b412218de000b54c4c67ec8673bf561cec6e81,"['94658518227479141344875476648819337938746150529318297759951212169676959854478', '89549550119611798541187132573193884477265258658615163602217456913355320927577']",POLITICS
559694,Will Ro Khanna win the 2028 Democratic presidential nomination?,will-ro-khanna-win-the-2028-democratic-presidential-nomination,2028-11-07T00:00:00Z,True,False,,Ro Khanna,9494971.078380046,452239.91113,0x20d0bc282552ac5ec6f61cd7101cb42a5948cae07e7651bdf40ede1a8b2c5eac,"['20374050108659687356429749447884880983779889840007423115803042125707701269498', '2610336024939503976910443133965525155112118948066646227040491461288298872236']",POLITICS
559695,Will James Talarico win the 2028 Democratic presidential nomination?,will-james-talarico-win-the-2028-democratic-presidential-nomination,2028-11-07T00:00:00Z,True,False,,James Talarico,8716088.712948993,399836.31763,0xb91be12388b3d4079c3ed9b5783cb42d8c33051d37746a49300227e0f45fc089,"['52535923606561722941567320365820395300598958985353103429657683100920373025261', '20643805904661385280242837899001038341346631607217619709766724611396929658707']",POLITICS
560317,"Putin out as President of Russia by December 31, 2026?",putin-out-before-2027,2026-12-31T18:30:00Z,True,False,,,3973595.5389089547,268840.7423,0x6bd56627aa21311850825edb27e53434a0e17a4f782be0086bc07f71eee00d0d,"['350977769852917329387037893294763093471844346281449484439085576212613048126', '87073899845581463485186346288398658568334162612963837182986759797304993556208']",OTHER
561229,Will JD Vance win the 2028 US Presidential Election?,will-jd-vance-win-the-2028-us-presidential-election,2028-11-07T00:00:00Z,True,False,,JD Vance,10367435.50259785,683381.05978,0x7ad403c3508f8e3912940fd1a913f227591145ca0614074208e0b962d5fcc422,"['16040015440196279900485035793550429453516625694844857319147506590755961451627', '94476829201604408463453426454480212459887267917122244941405244686637914508323']",POLITICS
561230,Will Gavin Newsom win the 2028 US Presidential Election?,will-gavin-newsom-win-the-2028-us-presidential-election,2028-11-07T00:00:00Z,True,False,,Gavin Newsom,15340627.258119084,368066.99453,0x4567b275e6b667a6217f5cb4f06a797d3a1eaf1d0281fb5bc8c75e2046ae7e57,"['98250445447699368679516529207365255018790721464590833209064266254238063117329', '18823838997443878656879952590502524526556504037944392973476854588563571859850']",POLITICS
561231,Will Alexandria Ocasio-Cortez win the 2028 US Presidential Election?,will-alexandria-ocasio-cortez-win-the-2028-us-presidential-election,2028-11-07T00:00:00Z,True,False,,Alexandria Ocasio-Cortez,10962050.001035871,478463.34159,0xf232b565995e4b3a3e7fa6cef775eeff1cecd20ad7c013cb9fc8dadabfe279a9,"['8113830512143065501177519557124858581375945005490796772950589720955457782465', '11493926619286817179231142642565394485790380952577225820901334479399429951651']",POLITICS
561232,Will Pete Buttigieg win the 2028 US Presidential Election?,will-pete-buttigieg-win-the-2028-us-presidential-election,2028-11-07T00:00:00Z,True,False,,Pete Buttigieg,3936127.1704309755,406803.28025,0x2c03c41e5032364cb7166e842bdd22913f28aa2c837d8432704aa89c338875c8,"['35629456194498013232473191985311930903993567273832459837879398120893197410860', '26087406687932108531005204502244492184534000122992461059156880611150953145122']",POLITICS
561233,Will Josh Shapiro win the 2028 US Presidential Election?,will-josh-shapiro-win-the-2028-us-presidential-election,2028-11-07T00:00:00Z,True,False,,Josh Shapiro,5843897.547085901,380374.26694,0x5969cbb46aca5319b19e19a3c6f63de098950b675bf268f30f4d035508da1957,"['1420113190297259908358916251277696183671602680024474979931472444792502392139', '9195312844128905514645503106857912558078141569888031031723687687489317147622']",POLITICS
561234,Will Marco Rubio win the 2028 US Presidential Election?,will-marco-rubio-win-the-2028-us-presidential-election,2028-11-07T00:00:00Z,True,False,,Marco Rubio,7470152.362363949,231165.08311,0x2053d8515f1b8cbeea4ccdb56e60e89c2617e43a8660d95166b8e71d27865277,"['11171618905857319805355893398009978356002287408842633593535559412449299952250', '65892530750232246342273648992064742042382898919201083513241874070914353628268']",POLITICS
561235,Will Wes Moore win the 2028 US Presidential Election?,will-wes-moore-win-the-2028-us-presidential-election,2028-11-07T00:00:00Z,True,False,,Wes Moore,6836568.417189248,1012815.94227,0xe29b33ef5bf351c8a22bfd79f8b58e62649d54ceee6f9735387cef79f52fecae,"['35272507273162958827997790327967872292415567859334925862043618606081750011897', '374661216370333715221919731169956915917040066803205972387948453758235235593']",POLITICS
561236,Will Gretchen Whitmer win the 2028 US Presidential Election?,will-gretchen-whitmer-win-the-2028-us-presidential-election,2028-11-07T00:00:00Z,True,False,,Gretchen Whitmer,9025257.820086867,897898.13382,0xfd6176f8c9a59105f80e060a77c4099881c5f2d9e0ceab88e55cf978462fab7f,"['4999047257294547885970323631312419427544062131054733229841947946130772277335', '102084577517225131375286042838758381959278092930102485541091152099183604495224']",POLITICS
561237,Will Andy Beshear win the 2028 US Presidential Election?,will-andy-beshear-win-the-2028-us-presidential-election,2028-11-07T00:00:00Z,True,False,,Andy Beshear,17582147.42377708,402157.95565,0x09ad4955c170d46c6d80b5f554435b19e229ff7dbe55370892b64782336cc3b9,"['50507496430692162923857760920722624157737138256097150616293040054748564876552', '53112547591746110422238703365888013497196468199611167129486770819598374380742']",POLITICS
561238,Will Glenn Youngkin win the 2028 US Presidential Election?,will-glenn-youngkin-win-the-2028-us-presidential-election,2028-11-07T00:00:00Z,True,False,,Glenn Youngkin,21016018.279960908,922346.93666,0xc4435df23facee8c4cd86090310c7835c2a0425646b2588b0a02e67fa42f444e,"['631059815958854406224163480574507434200946764542129005247984171366597476420', '100418331065194201410948024347944500798513421135064468615649525110872253639397']",POLITICS
561239,Will Kamala Harris win the 2028 US Presidential Election?,will-kamala-harris-win-the-2028-us-presidential-election,2028-11-07T00:00:00Z,True,False,,Kamala Harris,7061027.474403039,201240.14619,0xb3298af85e00aafad937c119444a5f2800a55343b7482eb75581f6e454432501,"['70663352401606372246362604193214664065595751757222752105245221905399175050480', '4988819538339626436114997160558538168652916536529198363646261454228218983102']",POLITICS
561240,Will Stephen Smith win the 2028 US Presidential Election?,will-stephen-smith-win-the-2028-us-presidential-election,2028-11-07T00:00:00Z,True,False,,Stephen Smith,30113574.45401611,568582.34502,0x66b906b8205f48a26beb8e553bbb1e7954e87e4f6e1d539823441221d1806e8f,"['105367778020161609482094090847463497982204321259381518614669619753184648647559', '12867420029045504056332323771270227403424313645832702673618751920867223902054']",POLITICS
561241,Will JB Pritzker win the 2028 US Presidential Election?,will-jb-pritzker-win-the-2028-us-presidential-election,2028-11-07T00:00:00Z,True,False,,JB Pritzker,10971369.517994005,415228.58085,0xefe6300fd8a053cca53df8f1bd536c5f571a136392c0516e7b16e39f1addecb0,"['70948731404464821824516595498024506131170394300814446118501620719416471444076', '111825297267676135304812085666512747626812691749338692567733264184356420470119']",POLITICS
561242,Will Tulsi Gabbard win the 2028 US Presidential Election?,will-tulsi-gabbard-win-the-2028-us-presidential-election,2028-11-07T00:00:00Z,True,False,,Tulsi Gabbard,28565200.59982614,1036879.12323,0x8fc141205ebce5adf437bfdf4d0c5ff58ff24293b79c9431991346c208bb48ed,"['97633418272282627828834872960145259034624388719803091466146359304286851612172', '17854429586516792397214557963923647011517685971868312042416963526864862523185']",POLITICS
561243,Will Donald Trump win the 2028 US Presidential Election?,will-donald-trump-win-the-2028-us-presidential-election,2028-11-07T00:00:00Z,True,False,,Donald Trump,6992127.6673701545,496905.2338,0xce9a5fa30fe74e323b4a8f15afbb0b7a41a537aa880779ddf7dee22223b2f34a,"['11807691644868166983390207408868795383945915035851758101409310535538572683733', '72656506786460378316387284276713856836841708169262528054985577978493419440428']",POLITICS
561244,Will Donald Trump Jr. win the 2028 US Presidential Election?,will-donald-trump-jr-win-the-2028-us-presidential-election,2028-11-07T00:00:00Z,True,False,,Donald Trump Jr.,9637112.943471896,1158974.38268,0x23481b811978194fa175143ed7cd8d0000878ca59c408fd552e33535f7aa771e,"['77660944053451874285291959901958937238149180369572698706675030657716494119346', '52761630651452310319295064365704431564140478140269624735570317771849185169635']",POLITICS
561245,Will Nikki Haley win the 2028 US Presidential Election?,will-nikki-haley-win-the-2028-us-presidential-election,2028-11-07T00:00:00Z,True,False,,Nikki Haley,22456955.94235464,1347474.624,0xe0173375b7eaccb836f7b92d28a9a2d1cc69e54e5a65fae89a5d7e49aadd332e,"['14253956839582698877884742930225331487593177635330318923853046874994118249367', '84386913213192310444216977895083273572419886997719576824320630372812149173320']",POLITICS
561246,Will Ron DeSantis win the 2028 US Presidential Election?,will-ron-desantis-win-the-2028-us-presidential-election,2028-11-07T00:00:00Z,True,False,,Ron DeSantis,9310940.762516052,215685.31349,0x3367d22cd2a673014f1960742afdf8601040a8ad856dc0a98bd1a44ee99504e2,"['104480514270625615787868282411330496385404675495672110015326625654626015018993', '65724430065358897810064400118831287249960059855415477063660293398018349529272']",POLITICS
561247,Will Tim Walz win the 2028 US Presidential Election?,will-tim-walz-win-the-2028-us-presidential-election,2028-11-07T00:00:00Z,True,False,,Tim Walz,39919809.57225612,1777642.91717,0xae70ab9bf1c3726fe430a2ba8b517697ae24e0f0ab554b876a5b521153068882,"['2638997461401140008448476093092229850740161649668999975101243681118238509713', '31711509411930636383466083293019394636501894118049148509527295292186501260570']",POLITICS
561248,Will Vivek Ramaswamy win the 2028 US Presidential Election?,will-vivek-ramaswamy-win-the-2028-us-presidential-election,2028-11-07T00:00:00Z,True,False,,Vivek Ramaswamy,31256345.79498824,1487374.62044,0x64396449b471b10b006285fa49dd9a5df535694de7b4c703fdeb0d88d5c4cd33,"['48067717079255656974334181122173546721823870434119599450595298250019538972254', '50325246165657443726245430907883748796540778371466135108478470877169556977248']",POLITICS
561249,Will Greg Abbott win the 2028 US Presidential Election?,will-greg-abbott-win-the-2028-us-presidential-election,2028-11-07T00:00:00Z,True,False,,Greg Abbott,32289776.922449205,1299353.76707,0x01dffa7abae7e5d9b7fb44b06d537c5ac932e2ca422ab4b53366672f5e2dc7d6,"['58585097107933138034126275600204468509993701936571284309823871593297754181479', '104431860535489654020481219089291817898241901940037260095979653681449084465327']",POLITICS
561250,Will Elon Musk win the 2028 US Presidential Election?,will-elon-musk-win-the-2028-us-presidential-election,2028-11-07T00:00:00Z,True,False,,Elon Musk,22900582.871827293,1286156.73098,0x68e3c4e0dd8f82d010060032006fd157401b0bd8e04bd2953ae293e31eb99bf6,"['26641906520532802078452346454133721131611596169940893262820937050881742190686', '59064132013843281708610372809406242099497812053529304284160897825180883604145']",POLITICS
561251,Will LeBron James win the 2028 US Presidential Election?,will-lebron-james-win-the-2028-us-presidential-election,2028-11-07T00:00:00Z,True,False,,LeBron James,47135107.158521466,1584978.49863,0x836b850fc838195374862551a36f1c8691d96ff01e58b0a071f0fc1a0e357fb1,"['39223330966352513418907732239455948906399882924787587183466504819170775983376', '50862799703982327636174441241062907649998751737045006653560124656563256528691']",POLITICS
561252,Will Dwayne 'The Rock' Johnson win the 2028 US Presidential Election?,will-dwayne-the-rock-johnson-win-the-2028-us-presidential-election,2028-11-07T00:00:00Z,True,False,,Dwayne 'The Rock' Johnson,6251589.457704008,250526.54911,0xe2bdf6c18c8ab5ad5d3be5f95dd749e88d1dee7ac7c4dbf5101013a5c055e3df,"['76252402837334795047528042167618984089231134882494719641438604550246396692717', '82779978600617806806814031291287454099780828258739355925042203335968508676880']",POLITICS
561253,Will Tucker Carlson win the 2028 US Presidential Election?,will-tucker-carlson-win-the-2028-us-presidential-election,2028-11-07T00:00:00Z,True,False,,Tucker Carlson,10116200.658944126,319372.99179,0xd94b47bdeba16ae948bfb147bda059f3543d6fca73291644dfff5268bba7a797,"['45015916581148592087728250896178171120552786117190685135618507471166113474733', '5353194854864999214467212176625447374807704051407621946584152368216621932371']",POLITICS
561254,Will Kim Kardashian win the 2028 US Presidential Election?,will-kim-kardashian-win-the-2028-us-presidential-election,2028-11-07T00:00:00Z,True,False,,Kim Kardashian,33183134.399317037,1006164.03343,0x7f695758278e6d4d9e63df862afa88d664d3402a3d26e4d32ae05121cdbddba6,"['24863363384036117015867671383779186335047493791693657275104567365292353535818', '44632793419668141561343859504077903947361590865219599333832862239708628173864']",POLITICS
561255,Will Ivanka Trump win the 2028 US Presidential Election?,will-ivanka-trump-win-the-2028-us-presidential-election,2028-11-07T00:00:00Z,True,False,,Ivanka Trump,4965023.71226704,514716.7097,0xc586d15be76278848a26c761c2fcf70f8cebca71815cfab83e656ff5c6ec13a9,"['40932864651005132434669457369564353816786330205469778285035893634458129671101', '56215025902031889702122383201324191240581604266667334383154318117703136383150']",POLITICS
561256,Will Zohran Mamdani win the 2028 US Presidential Election?,will-zohran-mamdani-win-the-2028-us-presidential-election,2028-11-07T00:00:00Z,True,False,,Zohran Mamdani,17862248.31631142,1394307.65755,0xf05b4b55336a4c1c7b44c726911d2b559732cff7bad339084de86ae364dc85f6,"['94621929236241392639802280031607240386237812521756048982107414565863464212526', '37476438367629084207797870684242875797541797912993121111059056752005821579571']",POLITICS
561257,Will Michelle Obama win the 2028 US Presidential Election?,will-michelle-obama-win-the-2028-us-presidential-election,2028-11-07T00:00:00Z,True,False,,Michelle Obama,13811931.070177244,1305604.64378,0xbbbece074c2d4010e39e39c85ed67b1131180fcea616073c893fb6beaf51d783,"['88521269813605705303364598280494261510300497312149869577251450871617962933121', '1970496541508335019913900195809032484597886384784144327835472760880523550630']",POLITICS
561258,Will Jamie Dimon win the 2028 US Presidential Election?,will-jamie-dimon-win-the-2028-us-presidential-election,2028-11-07T00:00:00Z,True,False,,Jamie Dimon,7716121.630846988,672498.46564,0xa9549c44687993a9a154347c6907092341459b927efaa3f2b49009ca2c4e40a1,"['23692929455124171734375794579007643086071570310019729232490607671061438183936', '30050897091642315762983745166096629857367320723415212749446858994810226049012']",POLITICS
561259,Will Ro Khanna win the 2028 US Presidential Election?,will-ro-khanna-win-the-2028-us-presidential-election,2028-11-07T00:00:00Z,True,False,,Ro Khanna,7418003.50075423,989315.52343,0xb314f5dbf75919a34d4997e8b22e6793505e3377a690eaa11a75a2547e926bee,"['45264462342307496826883801236629887275526404999716050689931105511159370296978', '21034003091803474219272633665814818485285721473911024023600356649009960505229']",POLITICS
561260,Will Thomas Massie win the 2028 US Presidential Election?,will-thomas-massie-win-the-2028-us-presidential-election,2028-11-07T00:00:00Z,True,False,,Thomas Massie,3819741.451228008,963628.44704,0x32903694997a5c09afee30904970f9fab2a5fb4ec45f572f194341185574f1a4,"['89071282556584199015490241074221756662667488270789034763702585258138302536112', '18620821165547265880582330532076859546462061138941862890257010665389427790094']",POLITICS
561261,Will Jon Ossoff win the 2028 US Presidential Election?,will-jon-ossoff-win-the-2028-us-presidential-election,2028-11-07T00:00:00Z,True,False,,Jon Ossoff,3601282.58237699,407043.24147,0x61600d487069f99e775307a0655c1a79f26e4fc6d8d1ba66790c64d78d0beba2,"['110102705199530588976777616718115948005824665233400132417374621750887344831757', '98394838816403247684221016468696784125095120854407803889228262583112436699261']",POLITICS
561262,Will James Talarico win the 2028 US Presidential Election?,will-james-talarico-win-the-2028-us-presidential-election,2028-11-07T00:00:00Z,True,False,,James Talarico,4764542.640598002,442675.85458,0x9eb7ac1524fdacb46ceb8758454f0004c7b117eae76e6295852643644bb862c1,"['92909595831677784305960426832337551335132297174712723670055008600724483830120', '26699870693127605012594021642110712356790266877635966965879322906179628109191']",POLITICS
561263,Will Eric Trump win the 2028 US Presidential Election?,will-eric-trump-win-the-2028-us-presidential-election,2028-11-07T00:00:00Z,True,False,,Eric Trump,6925296.795577035,1622516.66361,0x2d3c4fc5cde6dfb43448402b912e41bd4453e3f030448ed026bff8f1a0bc072e,"['67028631656597977031363620447645908995417871899828777750494099295092202422178', '92435534412344629891924787958876018882926476169555134960124357040149315497159']",POLITICS
561264,Will Pete Hegseth win the 2028 US Presidential Election?,will-pete-hegseth-win-the-2028-us-presidential-election,2028-11-07T00:00:00Z,True,False,,Pete Hegseth,4769529.696982953,1398121.52116,0xea649be6ea3447f3c145a173883c68a89faf4edda1f85109b76baa93b3ee7a87,"['19127703543758281171764934244436807153695715307017908811054254126168591609122', '55988424779505974483153818818889528404380009581145395352086864710928569072171']",POLITICS
561365,Will Cooper Flagg win the 2025–26 NBA Rookie of the Year award?,will-cooper-flagg-win-the-202526-nba-rookie-of-the-year-award,2026-05-18T00:00:00Z,True,False,,Cooper Flagg,719568.0036830009,19865.20148,0x2096cd3bedb878cbfb5d30308968616a1dfd80e17b278ca6bdc72f9dde4776a7,"['85111524713956582520646495718683425629132278867496750899986579388014440159452', '99082939052415021453173345011771098101265085810064049648892229244658592394032']",SPORTS
561366,Will Tre Johnson win the 2025–26 NBA Rookie of the Year award?,will-tre-johnson-win-the-202526-nba-rookie-of-the-year-award,2026-05-18T00:00:00Z,True,False,,Tre Johnson,152574.6434279998,5351.79501,0xd9b502ee5b8ec6276a4ba48c08698012581f1780cb3dfc3b65d0afdeba712501,"['102392556265434728216101472364668383473620374340120864121726043987514470889179', '85988241694373736937027439583878802135034607682562147779643844687245945226443']",SPORTS
561367,Will Ace Bailey win the 2025–26 NBA Rookie of the Year award?,will-ace-bailey-win-the-202526-nba-rookie-of-the-year-award,2026-05-18T00:00:00Z,True,False,,Ace Bailey,131698.47228800005,8383.58719,0xcd018a674216fb8b534a8a5cd2edd5f8413810dc52901f3d268995ea65cf47c2,"['110209164423325117235017336730981872113614226005617926226957592243538391830215', '74243713942425818516355367259901935472100627312552001710391176236492805288821']",SPORTS
561368,Will Dylan Harper win the 2025–26 NBA Rookie of the Year award?,will-dylan-harper-win-the-202526-nba-rookie-of-the-year-award,2026-05-18T00:00:00Z,True,False,,Dylan Harper,194149.189093,18584.23672,0xb1784e3f7c831565155db9811c82b8f91392611424bb0c382373b5fc50a0072b,"['37493346105097294696484027941613411290089816986404152016244930052146362274673', '23886021544692605428821248133707782888910165258355029206807071082449958046769']",SPORTS
561369,Will V.J. Edgecombe win the 2025–26 NBA Rookie of the Year award?,will-vj-edgecombe-win-the-202526-nba-rookie-of-the-year-award,2026-05-18T00:00:00Z,True,False,,V.J. Edgecombe,292879.85211800004,14497.2747,0x12825eba8d16dbefc612f5c8ad866790c303c6c632c546fa191974c99b9b565a,"['114280618327620429841867717424654380516570687523231010673344216347759775334754', '101412710761902580749827028531037372235358047197478725289094504668324589874094']",SPORTS
561370,Will Kon Knueppel win the 2025–26 NBA Rookie of the Year award?,will-kon-knueppel-win-the-202526-nba-rookie-of-the-year-award,2026-05-18T00:00:00Z,True,False,,Kon Knueppel,968604.6721409993,6164.92751,0x9fe87b4bec41ca0b2e5f09b79e59f9aba6a88feab636db30b70fa103c1b54e5a,"['55646857661101414185895868270484735308265524878160019913167868460915119945202', '82425408562558630447558580951422660284362549651632254091794910579023658374082']",SPORTS
561371,Will Derik Queen win the 2025–26 NBA Rookie of the Year award?,will-derik-queen-win-the-202526-nba-rookie-of-the-year-award,2026-05-18T00:00:00Z,True,False,,Derik Queen,884598.9905020003,37206.57522,0x3ae773d76d652f80ed69c1478ca2349249ea0d2182bca1d6ed66deb23c36c3b7,"['26912002779361263344185042482535671437863483037670402174853945182308093594089', '18803551889114519791160949221652266043013010049439075625730946427281869122656']",SPORTS
561372,Will Jeremiah Fears win the 2025–26 NBA Rookie of the Year award?,will-jeremiah-fears-win-the-202526-nba-rookie-of-the-year-award,2026-05-18T00:00:00Z,True,False,,Jeremiah Fears,90932.17746500002,29364.86119,0x29445a22570a7072c932f09667807d5f875b3fa33e413634a8ba056680c122f1,"['33785353979580799421754205259531795157439118758489767248456612574597409396669', '16739860870595460875249983824998548750266218857856649033419843480782467652864']",SPORTS
561373,Will Cedric Coward win the 2025–26 NBA Rookie of the Year award?,will-cedric-coward-win-the-202526-nba-rookie-of-the-year-award,2026-05-18T00:00:00Z,True,False,,Cedric Coward,570603.538313,22228.40867,0x590f66d94c8b88900d59fba5a6f95525530988960be15b003114cbb14a0c5fce,"['38437247237857232658062618501946374918382808408039961452505906306842445097774', '46888998123800649021711040034397985424488658079737530468593091128579018644106']",SPORTS
561377,Will Jase Richardson win the 2025–26 NBA Rookie of the Year award?,will-jase-richardson-win-the-202526-nba-rookie-of-the-year-award-435,2026-05-18T00:00:00Z,True,False,,Jase Richardson,67577.12133000004,31700.84775,0xeac5b83f5a220a179df631b51cff9d3f0431144c9174a688340f326a1545ad3a,"['996310865771339417684197138550454421307701753953975867582150427711349751392', '15326532262377931114193981073141215136240038449308760775531702542005744380113']",SPORTS
561379,Will Walter Clayton Jr. win the 2025–26 NBA Rookie of the Year award?,will-walter-clayton-jr-win-the-202526-nba-rookie-of-the-year-award-262-418,2026-05-18T00:00:00Z,True,False,,Walter Clayton Jr.,128237.43215100003,11419.5444,0x49dd88d90ecd4b05eac72f129e56689c1a1bcd670ecce2ac5e1670459cf37f5b,"['50257919167364157437913288313923848015215058474969141801872985180515289141250', '97906344375709053743632630890989472946723756973283481439048550426533606830921']",SPORTS
561380,Will Collin Murray-Boyles win the 2025–26 NBA Rookie of the Year award?,will-collin-murray-boyles-win-the-202526-nba-rookie-of-the-year-award-233-167,2026-05-18T00:00:00Z,True,False,,Collin Murray-Boyles,64561.31353899997,23958.38659,0x14e33853b4c3a94fe457426779177518c9da32cd6466a78d8fd1bb7348d07a5c,"['114445733425336573475155891273037754499688625351110442882742387302007154399887', '24710594349889730687876917201566554399301010613738403498951427933651021556229']",SPORTS
561381,Will Khaman Maluach win the 2025–26 NBA Rookie of the Year award?,will-khaman-maluach-win-the-202526-nba-rookie-of-the-year-award-241-825-233,2026-05-18T00:00:00Z,True,False,,Khaman Maluach,85632.99937199998,29599.35008,0xe9d14cd6648b506c7411a09de22c2581ad681d0a5afd6ed6b2847c5025c1f6bd,"['5128823072186223434321865547075220234611534988493256464748971357615684627985', '28082377132577843659627308406862971017774520326433636790017944304150427316155']",SPORTS
561973,Will Donald Trump win the 2028 Republican presidential nomination?,will-donald-trump-win-the-2028-republican-presidential-nomination,2028-11-07T00:00:00Z,True,False,,Donald Trump,7169059.862661903,520905.60043,0x895e01dbf3e6a33cd9a44ca0f8cdb5df1bd2b0b6ebed5300d28f8da7145145e4,"['3039641309958397001906153616677074061284510636204155275446291716739429262374', '27828976648682466778776999076215423777766972981338264154049603024771135223200']",POLITICS
561974,Will J.D. Vance win the 2028 Republican presidential nomination?,will-jd-vance-win-the-2028-republican-presidential-nomination,2028-11-07T00:00:00Z,True,False,,J.D. Vance,12085727.75879496,298638.74214,0x18b1c135d0a40c5894da9412e77311827d9caf16cf4cd6591b247a34730af919,"['40081275558852222228080198821361202017557872256707631666334039001378518619916', '78633590736077251574794513664747155551297291244492840448622550955320930591622']",POLITICS
561975,Will Marco Rubio win the 2028 Republican presidential nomination?,will-marco-rubio-win-the-2028-republican-presidential-nomination,2028-11-07T00:00:00Z,True,False,,Marco Rubio,7876040.888493025,312354.51264,0x21ad31a46bfaa51650766eff6dc69c866959e32d965ffb116020e37694b6317d,"['13565458761220145250977753098276900790902214604876327357986816739576288755859', '75720156002519829912361786945091022242706922246722836126941546028340974330171']",POLITICS
561976,Will Tulsi Gabbard win the 2028 Republican presidential nomination?,will-tulsi-gabbard-win-the-2028-republican-presidential-nomination,2028-11-07T00:00:00Z,True,False,,Tulsi Gabbard,11301048.000219047,871422.24209,0x9cd77217b2ab264fe4f6d302f662c0a91f349fe5798f1f98d70bb2311712791b,"['111796631871113641071635832853519973638674140424258605036492112910151603434351', '72519808073108999474312955064075820476359073658026830985534265136852842710652']",POLITICS
561977,Will Glenn Youngkin win the 2028 Republican presidential nomination?,will-glenn-youngkin-win-the-2028-republican-presidential-nomination,2028-11-07T00:00:00Z,True,False,,Glenn Youngkin,6332705.879107932,422935.96886,0xd0c4c60c8e68ee15974df3aa7d217225e98020fab9fcdb32d10f8e3d285e1619,"['108177352465155946413420144732939501038742536693084796111933355102723645081439', '40195401263640671665116916114051111593115139897599831021772971493074676316453']",POLITICS
561978,Will Donald Trump Jr. win the 2028 Republican presidential nomination?,will-donald-trump-jr-win-the-2028-republican-presidential-nomination,2028-11-07T00:00:00Z,True,False,,Donald Trump Jr.,6659669.341133022,509605.97555,0x4a9d58d4da874e26708f5bdb014eb07a06aeebb927068d169d43831595386557,"['96972794085445478502118386209219626048407104930213167197946285611747327241358', '17764541728623556463430129981248514099360802330077857891779810164830347138778']",POLITICS
561979,Will Ron DeSantis win the 2028 Republican presidential nomination?,will-ron-desantis-win-the-2028-republican-presidential-nomination,2028-11-07T00:00:00Z,True,False,,Ron DeSantis,12496570.859506723,324216.63693,0x64d31a2af85518c6718a5757a35b840f08eca20c1e22c0eb1e96ec01cc55b8b6,"['12127975650736113116407758794754973741525044713193258995588171654429754588610', '95344728193244020854716971584323868633691370479151373416918812532794690491367']",POLITICS
561980,Will Nikki Haley win the 2028 Republican presidential nomination?,will-nikki-haley-win-the-2028-republican-presidential-nomination,2028-11-07T00:00:00Z,True,False,,Nikki Haley,8110198.752731793,493784.33155,0xd7a0d72b19ca48b06b0029684677f581e32f133c367d7a19c2f1e4ad07066af7,"['30919109558246209971545892228598482722881502507049010402392877610451001659386', '26953454878227822916154850804639118151137570755140575650667657375528451821297']",POLITICS
561981,Will Vivek Ramaswamy win the 2028 Republican presidential nomination?,will-vivek-ramaswamy-win-the-2028-republican-presidential-nomination,2028-11-07T00:00:00Z,True,False,,Vivek Ramaswamy,13658202.821327101,1017045.42815,0xd997dc2a212a7d6673375a3b016db1fb214247142f8cde0cbf07f8e6d789877c,"['7847177314809025001842027337093046201021185723933452855314998541165696902642', '61638209040977576407645319654548998972645370498978369829582391676362965890344']",POLITICS
561982,Will Sarah Huckabee Sanders win the 2028 Republican presidential nomination?,will-sarah-huckabee-sanders-win-the-2028-republican-presidential-nomination,2028-11-07T00:00:00Z,True,False,,Sarah Huckabee Sanders,28980474.044262037,1472335.71321,0x00ad3bb5284b0b2314b1a2d42812fe292f606619c6278bd95c9d905816c240f6,"['35019878675696902444730611385908114488958639217305639231975258218416576501435', '56675537260019219223601219755487607959534973218119249587935401577859164512735']",POLITICS
561983,Will Greg Abbott win the 2028 Republican presidential nomination?,will-greg-abbott-win-the-2028-republican-presidential-nomination,2028-11-07T00:00:00Z,True,False,,Greg Abbott,17940692.833421934,1132773.50054,0x214093035e429b91df322bd20c55d9f611f741f67472a63f7623a9afc0cffa57,"['51109358167525503124101840618196204295486048568333812245607026343682053354150', '105260987547015135110430961088356552513173217328170504644895138366924523280544']",POLITICS
561984,Will Robert F. Kennedy Jr. win the 2028 Republican presidential nomination?,will-robert-f-kennedy-jr-win-the-2028-republican-presidential-nomination,2028-11-07T00:00:00Z,True,False,,Robert F. Kennedy Jr.,12531817.21201042,1125907.22826,0xc510176cf39d73295354fc797d84b510d050b45d29d6c9735ee18cdbc4fd6463,"['85795532452312461688342921814235563171225750416821603832877839950165564679042', '39330841918533865878755515006696866431225622573860977548617538419162581783990']",POLITICS
561985,Will Brian Kemp win the 2028 Republican presidential nomination?,will-brian-kemp-win-the-2028-republican-presidential-nomination,2028-11-07T00:00:00Z,True,False,,Brian Kemp,14246692.703841722,660150.22311,0x42631e1a8c8e6389422b58b8e15b1b551892b9833651aa3bab25afab124354b5,"['109121432238307135312607668741094299588249627783575654034498708660414246884093', '26528147249337195767129586250556983229143036006556368874091657477633405171243']",POLITICS
561986,Will Byron Donalds win the 2028 Republican presidential nomination?,will-byron-donalds-win-the-2028-republican-presidential-nomination,2028-11-07T00:00:00Z,True,False,,Byron Donalds,36254713.683242604,1274767.24323,0xd1747284d6048b2a3dcfbee489db405f36de18f9590197dd0e5c9f0c246bf050,"['311624663652221737215322113380496984764966764039692273354641152455298576851', '43292374563904271719486871569114922516560719431752184778538513591321835161630']",POLITICS
561987,Will Elise Stefanik win the 2028 Republican presidential nomination?,will-elise-stefanik-win-the-2028-republican-presidential-nomination,2028-11-07T00:00:00Z,True,False,,Elise Stefanik,23207160.307309914,1352215.68632,0x655b4bfdfa55a95c24d6e9bf7e7cd62f1b57da9a1f4c7f40f090b8ba847dffa2,"['46762065358788748743762617584400316865170283087328708370205000691002445395596', '6106142631847917497743561296507558396893160722310876727437797090897927202403']",POLITICS
561988,Will Josh Hawley win the 2028 Republican presidential nomination?,will-josh-hawley-win-the-2028-republican-presidential-nomination,2028-11-07T00:00:00Z,True,False,,Josh Hawley,17635905.630152665,403502.10034,0x4d4bceee5f59f75230c6438f69fc913a6da7afa4098ce0734655045c02a730fc,"['16959950591508656523048029588253513417107455151269158025695062757254216051157', '67257241906349232705880054817671247803154024437556078414309396160231441958063']",POLITICS
561989,Will Ted Cruz win the 2028 Republican presidential nomination?,will-ted-cruz-win-the-2028-republican-presidential-nomination,2028-11-07T00:00:00Z,True,False,,Ted Cruz,15211584.981522148,573301.29511,0x0ac23db1e56971022bc7e822b907a2466c618b34104ea72bc9fa95e41c86a9c6,"['75602319799101799832214450648958470414659751617273540482126444460192042893239', '67427191791815068910367164354907762897739120962449893449251138341231627575633']",POLITICS
561990,Will Elon Musk win the 2028 Republican presidential nomination?,will-elon-musk-win-the-2028-republican-presidential-nomination,2028-11-07T00:00:00Z,True,False,,Elon Musk,26713726.674007934,1456496.68486,0xfbb80ea5f8fc02ee7df8bd4f58790e1d04b874078a49a7b7028a74a2075100c9,"['97933607699985149274021900377397416175605196663149372937380275158258659161873', '91654279459782700285030880702186010885362170180157997195869175981321159591151']",POLITICS
561991,Will Matt Gaetz win the 2028 Republican presidential nomination?,will-matt-gaetz-win-the-2028-republican-presidential-nomination,2028-11-07T00:00:00Z,True,False,,Matt Gaetz,16573041.798198877,1322162.01133,0xf2cea45ec282af4f302d2ab85ede73678cd692ebf8c3ab6d52bfa5e19f44c553,"['21684611233679565633387313395955873024927822291738934804105644401703825367322', '84095293813293852486357602606048386507591460335706798271998543834668723932068']",POLITICS
561992,Will Katie Britt win the 2028 Republican presidential nomination?,will-katie-britt-win-the-2028-republican-presidential-nomination,2028-11-07T00:00:00Z,True,False,,Katie Britt,25500544.98942573,1571856.43996,0x61a1278884fa70d68d4bcaaf72fad55bbdb063cac28c6947472ca91635fab10f,"['42282542821681724515855150589432262778581936160356547088323204270366545065655', '16356411122994156106976113515543626616680005491893556174464804958397610666717']",POLITICS
561993,Will John Thune win the 2028 Republican presidential nomination?,will-john-thune-win-the-2028-republican-presidential-nomination,2028-11-07T00:00:00Z,True,False,,John Thune,30987088.95904825,1003962.80638,0x7190eccbd0677d5d0ae8cdf598b37e945a346915c666dda11468dc9970657a56,"['70663522560386702809794077554934323058266367604787739541440326847712418734032', '41485413495944705425855194078748995452405844646809371874868554464564710666533']",POLITICS
561994,Will Kristi Noem win the 2028 Republican presidential nomination?,will-kristi-noem-win-the-2028-republican-presidential-nomination,2028-11-07T00:00:00Z,True,False,,Kristi Noem,30403455.486152526,1053580.52079,0x5f1b1caf70eb994bfff2986727a05a3ac9f7ec8b0da4017f7732596d023e5a07,"['46777072088650922464797852907503479539785178123001199763117403684202580813104', '72681113618462806097972236701451065622180139607703509985766492272651534581276']",POLITICS
561995,Will Mike Pence win the 2028 Republican presidential nomination?,will-mike-pence-win-the-2028-republican-presidential-nomination,2028-11-07T00:00:00Z,True,False,,Mike Pence,38576981.53465266,985733.06789,0x41c6341dd79903aca4bb0c29f5a7976946c3774d2fd72f38cbb7de7092144520,"['110467341601356058460373968989438018821471776813704553223329002744055822742107', '11478861872612841666414979216747716059947331582670297431884562915546151249374']",POLITICS
561996,Will Tucker Carlson win the 2028 Republican presidential nomination?,will-tucker-carlson-win-the-2028-republican-presidential-nomination,2028-11-07T00:00:00Z,True,False,,Tucker Carlson,10265576.892273959,321539.49908,0x4273517fc8141d57ad1528ede46efdceebdb6a4da746d5de5bad216564209a1e,"['78994573210477487932611223094751007094801552166562252085708682076112788032998', '8140793935596394912663577132141762112024484538385519683062085870219967913900']",POLITICS
561998,Will Ivanka Trump win the 2028 Republican presidential nomination?,will-ivanka-trump-win-the-2028-republican-presidential-nomination,2028-11-07T00:00:00Z,True,False,,Ivanka Trump,6221086.536380984,373452.43331,0x4f02b9cf70e514964fcb9aa2f7873d2b0d1aa0986da096cce7e6687e78da00f3,"['64219883837418173804780196379638150140562767673275103175135949850170609939649', '38205061485482832990648495179350163959936416627781540057460551493511094122497']",POLITICS
561999,Will Tom Brady win the 2028 Republican presidential nomination?,will-tom-brady-win-the-2028-republican-presidential-nomination,2028-11-07T00:00:00Z,True,False,,Tom Brady,29292687.491534773,1483617.7242,0xf8dbde8b6e038775a673947e59da2de15a2127272b50b9877400fdbf7cfc3026,"['45742939946094874824687417208711661205131461760422331277735745393193805349457', '110475425879038752349535639720766480458274565783397083615496250556947203595226']",POLITICS
562000,Will Rand Paul win the 2028 Republican presidential nomination?,will-rand-paul-win-the-2028-republican-presidential-nomination,2028-11-07T00:00:00Z,True,False,,Rand Paul,16996534.599074114,896246.41821,0xd10bc768ede58b53ed400594240b0a0603134a32dab89ec823a18759cbc180ca,"['56369772478534954338683665819559528414197495274302917800610633957542171787417', '97912974556505097471140703824534539631227593711361303698649171859837355186863']",POLITICS
562001,Will Steve Bannon win the 2028 Republican presidential nomination?,will-steve-bannon-win-the-2028-republican-presidential-nomination,2028-11-07T00:00:00Z,True,False,,Steve Bannon,17070894.39687856,866335.0635,0xd5659eea81cada0bac656f5a9099861786cbae6755e2e1ac2c9e9441908b551f,"['76572162491038773682779378100661251853152133818805423848523216103658476280587', '25583872291729778177187717614560645987351882646783629615247519807465184364234']",POLITICS
562002,Will Erika Kirk win the 2028 Republican presidential nomination?,will-erika-kirk-win-the-2028-republican-presidential-nomination,2028-11-07T00:00:00Z,True,False,,Erika Kirk,14237522.1076908,1262798.22447,0x7abed80b88301210ee83b7b14ec41bc9a5161e1af07254fbb26c6e2bf7182766,"['36725157385158152303355940271421346899386884953712631735038848833359115722560', '100798539333257155804503755544697952331380694697499428407950484702163979829576']",POLITICS
562003,Will Kim Kardashian win the 2028 Republican presidential nomination?,will-kim-kardashian-win-the-2028-republican-presidential-nomination,2028-11-07T00:00:00Z,True,False,,Kim Kardashian,25271001.770809874,1629143.01135,0x414378275cb214b747245942be889ee1e077c56d1c00eb4d726629c95f22b5a5,"['10651968542740640896482407431367624536081358925965856338872110525887291512129', '103086387269187122378314827672946076309261054730475021633767467850510078119868']",POLITICS
562004,Will Marjorie Taylor Greene win the 2028 Republican presidential nomination?,will-marjorie-taylor-greene-win-the-2028-republican-presidential-nomination,2028-11-07T00:00:00Z,True,False,,Marjorie Taylor Greene,4542106.195119982,522893.19211,0x17902b9490c6a73152772316b4705935c5c6801ba269f2afc81686532e34fb9a,"['65830295349944471218641822318218876930376684645620468557619951782520997909982', '33372330947023860525870630758549137902170576919090726047009795835189818269107']",POLITICS
562005,Will Thomas Massie win the 2028 Republican presidential nomination?,will-thomas-massie-win-the-2028-republican-presidential-nomination,2028-11-07T00:00:00Z,True,False,,Thomas Massie,3230069.1976259905,243358.65193,0x24258776d0a926b4550b0f213267b95ba0a7741fc972d0b3c2b5f6bf8ced2c50,"['99700879015134724880665931256853704724897234270130475786057704135245843006310', '94171791097080152294329103174901345850282375147106800117496695577931335275209']",POLITICS
562006,Will Eric Trump win the 2028 Republican presidential nomination?,will-eric-trump-win-the-2028-republican-presidential-nomination,2028-11-07T00:00:00Z,True,False,,Eric Trump,5221166.829916982,1172450.181,0xca68152902c3581ab42feb04921b8b1cd3c4e80d06f255ae077259fca0bba15c,"['57919459237478987490046512369779809927967587873586488155446781256559839871449', '58389730991380235726868542531087058690762163352908563301611948484975927797504']",POLITICS
562007,Will Joe Kent win the 2028 Republican presidential nomination?,will-joe-kent-win-the-2028-republican-presidential-nomination,2028-11-07T00:00:00Z,True,False,,Joe Kent,3639627.8661173917,518924.58777,0xf2cb33c6634ee4676b642e728715c68441fb8d8c90f730ba0b5c3cd1f436a4be,"['79109138136144804495019974949003266649145803384760006308278371005319168843129', '65030375464178446496570525340832652143777619585997981475842311804446352421562']",POLITICS
562008,Will Pete Hegseth win the 2028 Republican presidential nomination?,will-pete-hegseth-win-the-2028-republican-presidential-nomination,2028-11-07T00:00:00Z,True,False,,Pete Hegseth,3638668.96101237,689249.15213,0x5f3b3456b2d6ef0d6f15d7492162725057be78d738d2465456e2835f1d89046c,"['98511916129081689027111328481059704559518789751071585689160934736837069796376', '9858445493903501648722765041195521587435370553699986326259923783724888628821']",POLITICS
562186,Will Ken Paxton win the 2026 Texas Republican Primary?,will-ken-paxton-win-the-2026-republican-primary,2026-05-26T00:00:00Z,True,False,,Ken Paxton,4230935.507337039,59292.2542,0x99a0fdc1bb6308873bf87eb75a47e21c8340fe20fb6b033444c1d21392da10a9,"['43891259347116330522865864075089973515827852946539612217753302847337982135578', '114134832775772592035076635156705298512014414341622748270460538141767888144004']",POLITICS
562187,Will John Cornyn win the 2026 Texas Republican Primary?,will-john-cornyn-win-the-2026-republican-primary,2026-05-26T00:00:00Z,True,False,,John Cornyn,3161091.5131552354,60691.2196,0x781a06aa5779f97724b75ed8128aaf72c4a8955c893a6fefdc0efd7cb001c513,"['75262277240576503541125200255351734877619831936165222710769956674779076695947', '90947087843800748216337872555249627261367488016883099502112117942793109306639']",POLITICS
562188,Will Dawn Buckingham win the 2026 Texas Republican Primary?,will-dawn-buckingham-win-the-2026-republican-primary,2026-05-26T00:00:00Z,True,False,,Dawn Buckingham,925375.3094319989,28971.05655,0x8de68dfbcfa9e9b6472bceec9aea2f252038cc12df9838b1f0016c02ec94b6d7,"['58401019401260699653952858670495528419982703529223145905183604798309827954819', '74227827532432558314995600123116184283055338478614283009470901045114800632791']",POLITICS
562189,Will Beth Van Duyne win the 2026 Texas Republican Primary?,will-beth-van-duyne-win-the-2026-republican-primary,2026-05-26T00:00:00Z,True,False,,Beth Van Duyne,5390545.695071012,47311.36534,0x1a22c136f277a62d27c22521a1ec1363d2edb5c657f129e509e77958dc1846d2,"['21186780488327911840011813665635909989130966340151208407558076091167956134393', '77116825697988046462797118744062320242186651085415319815298138122528923099354']",POLITICS
562190,Will Wesley Hunt win the 2026 Texas Republican Primary?,will-wesley-hunt-win-the-2026-republican-primary,2026-05-26T00:00:00Z,True,False,,Wesley Hunt,1762716.6615410014,110127.08008,0xb99ef516a29277c886f65d979143c0cad5eb80b937bf6039b9832eff7389a743,"['107927272895121873896592780561794303301515708678562694349024225854697593171909', '100333398771549990435986817872587460650263444431054342556176662063680731819090']",POLITICS
562793,Will the Democratic Party control the Senate after the 2026 Midterm elections?,will-the-democratic-party-control-the-senate-after-the-2026-midterm-elections,2026-11-03T00:00:00Z,True,False,,Democratic Party,1066900.1143749992,143354.344,0x307a1ed89d60b61002dd5bbf00e1408c5ed2ab3fcdb056191ca7ef9bc34d38f3,"['113287701564209339913693347405685749986285999146352375265161592243948562084773', '107118433685650702332040991454078902188473746599223732907923581436160160612542']",POLITICS
562794,Will the Republican Party control the Senate after the 2026 Midterm elections?,will-the-republican-party-control-the-senate-after-the-2026-midterm-elections,2026-11-03T00:00:00Z,True,False,,Republican Party,927144.4280340045,169417.578,0x86bfb53af7250a40928975c551d12c185b762fa4ce0b40c6a64a50c946d72587,"['51939490109676186832507970701169130490548061087912630009168726706475001411420', '108587038225191871355030577171066853142535232042155117887981453750193713427381']",POLITICS
562802,Will the Democratic Party control the House after the 2026 Midterm elections?,will-the-democratic-party-control-the-house-after-the-2026-midterm-elections,2026-11-03T00:00:00Z,True,False,,Democratic Party,2325920.682558025,247409.4826,0xd5d9fc47718bd553592d126b1fa5e87183d27f3936975b0c04cc0f2dec1f1bb4,"['83247781037352156539108067944461291821683755894607244160607042790356561625563', '33156410999665902694791064431724433042010245771106314074312009703157423879038']",POLITICS
562803,Will the Republican Party control the House after the 2026 Midterm elections?,will-the-republican-party-control-the-house-after-the-2026-midterm-elections,2026-11-03T00:00:00Z,True,False,,Republican Party,2230857.034460985,281264.2884,0x4e4f77e7dbf4cab666e9a1943674d7ae66348e862df03ea6f44b11eb95731928,"['65139230827417363158752884968303867495725894165574887635816574090175320800482', '17371217118862125782438074585166210555214661810823929795910191856905580975576']",POLITICS
562828,"2026 Balance of Power: D Senate, D House",2026-balance-of-power-d-senate-d-house-949,2026-11-03T00:00:00Z,True,False,,Democrats Sweep,1344534.3651510032,117092.2845,0x16c63b7cc37f012b9f59ee164ec03877914c701d06d48291ae8d6fc08a088b0d,"['34722410608062854697106861099776685947172185964394483545370684749662285977831', '24483563228660028121020430722896740519524131851526579619586176931221901842798']",POLITICS
562829,"2026 Balance of Power: D Senate, R House",2026-balance-of-power-d-senate-r-house-692,2026-11-03T00:00:00Z,True,False,,"D Senate, R House",781717.0125780016,110649.23082,0x0808de4f0cfd47947f2d1be51f9a9c52ea0fec76f73a75cfbe79ddec98d8a908,"['70997927349469817841862065582625658840347600365813612622959588796331622340305', '45720947308530468765087874228584729250108790729495800420104302263408503667446']",POLITICS
562830,"2026 Balance of Power: R Senate, D House",2026-balance-of-power-r-senate-d-house-444,2026-11-03T00:00:00Z,True,False,,"R Senate, D House",1049887.331141997,101586.9693,0x998bc71817b2d76921d1999ce0f3431cfd5945583667a371280ca2b430b0c06e,"['6302359956133594764084277082169634158291609371270652093164054687145970756151', '558600218792430158020964384658762756367786275998757133304987611939841005404']",POLITICS
562831,"2026 Balance of Power: R Senate, R House",2026-balance-of-power-r-senate-r-house-537,2026-11-03T00:00:00Z,True,False,,Republicans Sweep,998186.7759929983,126752.1777,0xc5eae79d1ffe716572353962eb926b1e3964c500a4880a7a94f58408218ee76b,"['103704141773947678931823410030956181918562062788486034785782641603149828893320', '25869296386911654049715489068824757745174681288397238521780118949553760488529']",POLITICS
562832,2026 Balance of Power: Other,2026-balance-of-power-other-131,2026-11-03T00:00:00Z,True,False,,Other,948364.2245279994,81013.18238,0x7987a821b8032824f1805ee39eb5dfb8f64603e4e9e673259eb76f82b439fd3d,"['35477631289241705233759154026285946627439635224019448868888132647783862821489', '58154574909590813657096858535882625339077077643653677858955479541043465171526']",POLITICS
563650,"SCOTUS accepts sports event contract case by July 31, 2026?     ",scotus-accepts-sports-event-contract-case-by-july-31-2026,2026-07-31T00:00:00Z,True,False,,July 31,929258.8883619994,10158.1474,0x139ba0e7f931f09466c0fb27fc8ddb5e77ce9d1e2bdc953a5f22765bf779452f,"['43377185540092441472523885859099478235201860627294255832516299903130560463298', '17398942423057686582491252867921221591924525918102079345877032638913486446065']",CRYPTO
564161,Will Nikola Jokic win the 2025–2026 NBA MVP?,will-nikola-jokic-win-the-20252026-nba-mvp,2026-06-10T00:00:00Z,True,False,,Nikola Jokic,4072327.8115380905,139963.18005,0xf2fb4784ceb4d41ce23703da426700f710320ec5b711b6e3784bdaac24d94c23,"['73768610008619570600930429495180540710817177537162503586781057110775077618432', '88794755386871079853762415286654635832909423950620116774027006364873482091563']",SPORTS
564162,Will Shai Gilgeous-Alexander win the 2025–2026 NBA MVP?,will-shai-gilgeous-alexander-win-the-20252026-nba-mvp,2026-06-10T00:00:00Z,True,False,,Shai Gilgeous-Alexander,3106643.4615210067,39199.1645,0x281565cae359040475640be8bc20f4efe15245fe0251805fd338fb1a3e45ffae,"['29048360022556021389805670398008888482908398853670829781367251641936311260707', '114528627098181527180076013437205839368323282497361602702800503052375432480589']",SPORTS
564163,Will Luka Doncic win the 2025–2026 NBA MVP?,will-luka-doncic-win-the-20252026-nba-mvp,2026-06-10T00:00:00Z,True,False,,Luka Doncic,14501833.852568978,122602.8308,0xb207031da5ef9cbded418e6b5b3c5eee24a3a7b22c6ec10053cbaaa67d793796,"['89110596788673536475065853727140488937259064164063660201050220270400840228269', '101506943049053276934626391886226570064171431948041761918666910024462041911155']",SPORTS
564164,Will Giannis Antetokounmpo win the 2025–2026 NBA MVP?,will-giannis-antetokounmpo-win-the-20252026-nba-mvp,2026-06-10T00:00:00Z,True,False,,Giannis Antetokounmpo,5991089.680213994,343552.54513,0x5c5d898595b3445dd3809896302889cd512411fa8306de609d9d8aa34e257ba8,"['45014676111572901552217363692090679327003594688155466306257909550735876308571', '31339843398803147748606287378592227516750208753666943060502579333204198045040']",SPORTS
564165,Will Anthony Edwards win the 2025–2026 NBA MVP?,will-anthony-edwards-win-the-20252026-nba-mvp,2026-06-10T00:00:00Z,True,False,,Anthony Edwards,2038177.6309520018,300171.16098,0x33882fdaa147a31a1231293615b6e249ee8cf790fce9d8dc14f312f7b3cc0e30,"['37530499493117195782451233735171313136269148305511339352740697906918439679769', '78479552665098816655928352883908122960617168323933482475119854343373488178805']",SPORTS
564166,Will Victor Wembanyama win the 2025–2026 NBA MVP?,will-victor-wembanyama-win-the-20252026-nba-mvp,2026-06-10T00:00:00Z,True,False,,Victor Wembanyama,4331914.765887001,130504.76242,0x73f7620da1d4a2ec2283ad55d72f5ff4666e8732ec04458f88dff6773d6be2c6,"['47252200832793247423089215877857667425039333476763845614656878203768571431091', '100099833370943743015005579369281544702202348703727349862861252866217580509705']",SPORTS
